date,min_temperature
2014-08-28,9.5
2014-08-29,7.333333333333333
2014-08-30,4.0
2014-08-31,4.366666666666666
2014-09-01,5.933333333333334
2014-09-02,3.3333333333333335
2014-09-03,2.0666666666666664
2014-09-04,6.533333333333334
2014-09-05,6.599999999999999
2014-09-06,6.099999999999999
2014-09-07,7.033333333333334
2014-09-08,8.933333333333334
2014-09-09,10.0
2014-09-10,13.833333333333334
2014-09-11,14.300000000000002
2014-09-12,14.633333333333333
2014-09-13,7.466666666666666
2014-09-14,2.2333333333333334
2014-09-15,0.2666666666666666
2014-09-16,2.733333333333333
2014-09-17,1.1333333333333333
2014-09-18,3.5
2014-09-19,4.8999999999999995
2014-09-20,3.1999999999999997
2014-09-21,3.9333333333333336
2014-09-22,9.233333333333333
2014-09-23,0.4000000000000001
2014-09-24,-1.8666666666666665
2014-09-25,4.566666666666667
2014-09-26,3.1
2014-09-27,5.933333333333334
2014-09-28,5.566666666666666
2014-09-29,7.6
2014-09-30,5.433333333333334
2014-10-01,-1.6333333333333335
2014-10-02,-2.1666666666666665
2014-10-03,-1.4333333333333331
2014-10-04,0.5333333333333333
2014-10-05,0.4333333333333333
2014-10-06,4.4
2014-10-07,4.0
2014-10-08,2.6
2014-10-09,8.766666666666667
2014-10-10,9.4
2014-10-11,6.166666666666667
2014-10-12,6.533333333333334
2014-10-13,6.933333333333334
2014-10-14,6.833333333333333
2014-10-15,4.6000000000000005
2014-10-16,1.5666666666666664
2014-10-17,-3.6333333333333337
2014-10-18,-3.966666666666667
2014-10-19,-1.3666666666666665
2014-10-20,4.866666666666667
2014-10-21,-1.8333333333333333
2014-10-22,-6.166666666666667
2014-10-23,-7.966666666666666
2014-10-24,-8.3
2014-10-25,-4.866666666666667
2014-10-26,-2.4333333333333336
2014-10-27,3.1666666666666665
2014-10-28,7.066666666666666
2014-10-29,3.033333333333333
2014-10-30,1.4
2014-10-31,-2.6
2014-11-01,-4.4
2014-11-02,-3.5
2014-11-03,3.1333333333333333
2014-11-04,4.3
2014-11-05,3.733333333333334
2014-11-06,4.3
2014-11-07,4.833333333333333
2014-11-08,2.033333333333333
2014-11-09,-1.4666666666666668
2014-11-10,-1.6333333333333335
2014-11-11,4.9
2014-11-12,4.733333333333333
2014-11-13,4.9
2014-11-14,4.1
2014-11-18,-2.55
2014-11-19,-6.5
2014-11-20,-8.866666666666667
2014-11-21,-3.0
2014-11-22,-0.5
2014-11-23,-0.7666666666666666
2014-11-24,-4.9
2014-11-25,-4.5
2014-11-26,-1.3999999999999997
2014-11-27,-3.8333333333333335
2014-11-28,-6.2
2014-11-29,-8.933333333333332
2014-11-30,-8.9
2014-12-01,-14.266666666666666
2014-12-02,-15.2
2014-12-03,-5.533333333333334
2014-12-04,-1.6666666666666667
2014-12-05,-2.0
2014-12-06,-2.1
2014-12-07,0.0
2014-12-08,-0.7666666666666666
2014-12-09,0.5333333333333333
2014-12-10,-0.7333333333333334
2014-12-11,-0.7666666666666666
2014-12-12,-0.6999999999999998
2014-12-13,0.1
2014-12-16,1.1333333333333335
2014-12-17,-1.5
2014-12-18,0.0
2014-12-19,0.9333333333333332
2014-12-20,0.0666666666666666
2014-12-21,-0.7999999999999999
2014-12-22,-4.1000000000000005
2014-12-23,-6.866666666666667
2014-12-24,-7.433333333333334
2014-12-25,-9.333333333333334
2014-12-26,-7.833333333333333
2014-12-27,-6.866666666666667
2014-12-28,-9.066666666666666
2014-12-29,-13.666666666666666
2014-12-30,-14.266666666666666
2014-12-31,-3.9333333333333336
2015-01-01,1.5666666666666669
2015-01-02,1.9333333333333331
2015-01-03,0.3666666666666667
2015-01-04,-3.8333333333333335
2015-01-05,-10.133333333333336
2015-01-06,-15.133333333333333
2015-01-07,-16.8
2015-01-08,-12.199999999999998
2015-01-09,-0.1
2015-01-10,-1.5
2015-01-11,-5.8999999999999995
2015-01-12,-8.766666666666667
2015-01-13,-2.3
2015-01-14,0.1
2015-01-15,-2.2333333333333334
2015-01-16,-1.6333333333333335
2015-01-17,0.0
2015-01-18,-0.2333333333333333
2015-01-19,-2.9333333333333336
2015-01-20,-2.766666666666667
2015-01-21,-6.3999999999999995
2015-01-22,-7.633333333333333
2015-01-23,-3.7999999999999994
2015-01-24,-5.3
2015-01-25,-4.466666666666667
2015-01-26,-3.3666666666666667
2015-01-27,-5.933333333333334
2015-01-28,-6.533333333333334
2015-01-29,-2.0
2015-01-30,-3.3333333333333335
2015-01-31,0.4333333333333333
2015-02-01,0.0333333333333333
2015-02-02,-1.8333333333333333
2015-02-03,-5.400000000000001
2015-02-04,-8.933333333333335
2015-02-05,-13.133333333333333
2015-02-06,-12.966666666666669
2015-02-07,-1.4
2015-02-08,-8.8
2015-02-09,-13.699999999999998
2015-02-10,-4.6000000000000005
2015-02-11,-2.6999999999999997
2015-02-12,-0.0666666666666666
2015-02-13,-0.9
2015-02-14,-1.3
2015-02-15,-11.633333333333333
2015-02-16,-13.633333333333333
2015-02-17,-10.666666666666666
2015-02-18,-5.333333333333333
2015-02-19,0.1666666666666666
2015-02-20,1.0
2015-02-21,-0.5666666666666667
2015-02-22,-0.7333333333333334
2015-02-23,-1.1333333333333333
2015-02-24,2.066666666666667
2015-02-25,-1.6333333333333335
2015-02-26,-3.7000000000000006
2015-02-27,-2.9
2015-02-28,0.0
2015-03-01,-1.5
2015-03-02,1.3999999999999997
2015-03-03,0.6333333333333333
2015-03-04,-2.766666666666667
2015-03-05,-4.8999999999999995
2015-03-06,-6.0
2015-03-07,0.2333333333333333
2015-03-08,4.533333333333333
2015-03-09,-0.1666666666666666
2015-03-10,-1.6
2015-03-11,1.6666666666666667
2015-03-12,-3.266666666666667
2015-03-13,-3.4
2015-03-14,-3.4
2015-03-15,-5.166666666666667
2015-03-16,-6.266666666666667
2015-03-17,-3.6333333333333337
2015-03-18,-5.1000000000000005
2015-03-19,-5.0
2015-03-20,-2.5
2015-03-21,-4.333333333333333
2015-03-22,-7.433333333333334
2015-03-23,-1.7666666666666666
2015-03-24,-1.3
2015-03-25,-2.0
2015-03-26,-3.1666666666666665
2015-03-27,0.8000000000000002
2015-03-28,2.6333333333333333
2015-03-29,1.0666666666666669
2015-03-30,0.1
2015-03-31,0.5666666666666668
2015-04-01,1.3333333333333333
2015-04-02,0.2
2015-04-03,1.0
2015-04-04,0.3
2015-04-05,-0.8333333333333334
2015-04-06,-2.066666666666667
2015-04-07,-2.3666666666666667
2015-04-08,0.8000000000000002
2015-04-09,0.5666666666666667
2015-04-10,2.3333333333333335
2015-04-11,2.4333333333333336
2015-04-12,2.0
2015-04-13,1.4666666666666668
2015-04-14,-0.2333333333333333
2015-04-15,0.1333333333333333
2015-04-16,1.0666666666666669
2015-04-17,-0.6666666666666666
2015-04-18,-2.566666666666667
2015-04-19,-2.166666666666667
2015-04-20,2.1
2015-04-21,2.766666666666667
2015-04-22,1.8
2015-04-23,2.1666666666666665
2015-04-24,-0.9333333333333336
2015-04-25,-2.533333333333333
2015-04-26,5.2
2015-04-27,7.0
2015-04-28,6.900000000000001
2015-04-29,2.9333333333333336
2015-04-30,2.566666666666667
2015-05-01,5.333333333333333
2015-05-02,4.0
2015-05-03,1.0666666666666669
2015-05-04,-1.0
2015-05-05,6.166666666666667
2015-05-06,6.566666666666666
2015-05-07,9.466666666666669
2015-05-08,1.9333333333333331
2015-05-09,0.7333333333333334
2015-05-10,-1.2333333333333334
2015-05-11,2.733333333333333
2015-05-12,2.6333333333333333
2015-05-13,7.400000000000001
2015-05-14,3.4333333333333336
2015-05-15,0.4666666666666666
2015-05-16,2.7999999999999994
2015-05-17,0.9
2015-05-18,3.9333333333333336
2015-05-19,4.866666666666666
2015-05-20,9.433333333333334
2015-05-21,3.7999999999999994
2015-05-22,3.233333333333333
2015-05-23,4.1
2015-05-24,2.6
2015-05-25,3.266666666666667
2015-05-26,6.1000000000000005
2015-05-27,8.733333333333333
2015-05-28,6.166666666666667
2015-05-29,2.9666666666666663
2015-05-30,2.033333333333333
2015-05-31,4.2
2015-06-01,3.7000000000000006
2015-06-02,11.9
2015-06-03,11.066666666666665
2015-06-04,7.033333333333334
2015-06-05,6.333333333333333
2015-06-06,5.233333333333333
2015-06-07,7.666666666666667
2015-06-08,5.633333333333333
2015-06-09,2.3666666666666667
2015-06-10,2.1
2015-06-11,5.366666666666667
2015-06-12,4.366666666666666
2015-06-13,8.3
2015-06-14,11.0
2015-06-15,4.3
2015-06-16,3.1
2015-06-17,2.5666666666666664
2015-06-18,6.766666666666667
2015-06-19,11.699999999999998
2015-06-20,9.566666666666666
2015-06-21,7.766666666666667
2015-06-22,11.1
2015-06-23,9.566666666666668
2015-06-24,10.5
2015-06-25,9.533333333333331
2015-06-26,6.533333333333334
2015-06-27,5.199999999999999
2015-06-28,7.2
2015-06-29,6.433333333333334
2015-06-30,9.433333333333334
2015-07-01,8.466666666666667
2015-07-02,7.533333333333334
2015-07-03,10.533333333333331
2015-07-04,13.3
2015-07-05,10.3
2015-07-06,9.133333333333333
2015-07-07,12.5
2015-07-08,12.966666666666669
2015-07-09,10.4
2015-07-10,8.633333333333333
2015-07-11,8.7
2015-07-12,8.766666666666667
2015-07-13,7.066666666666666
2015-07-14,8.066666666666668
2015-07-15,7.3
2015-07-16,7.866666666666667
2015-07-17,8.533333333333333
2015-07-18,7.7
2015-07-19,9.2
2015-07-20,9.133333333333333
2015-07-21,10.233333333333334
2015-07-22,12.266666666666666
2015-07-23,11.800000000000002
2015-08-03,7.933333333333334
2015-08-04,7.633333333333333
2015-08-05,7.633333333333333
2015-08-06,14.766666666666666
2015-08-07,12.1
2015-08-08,10.566666666666666
2015-08-09,13.5
2015-08-10,12.066666666666668
2015-08-11,13.766666666666666
2015-08-12,14.800000000000002
2015-08-13,8.166666666666666
2015-08-14,7.099999999999999
2015-08-15,7.9
2015-08-16,5.233333333333333
2015-08-17,7.9
2015-08-18,4.8999999999999995
2015-08-19,2.5
2015-08-20,4.166666666666667
2015-08-21,6.0
2015-08-24,11.533333333333331
2015-08-25,10.6
2015-08-26,10.466666666666669
2015-08-27,8.833333333333334
2015-08-28,11.566666666666665
2015-08-29,10.3
2015-08-30,7.666666666666667
2015-08-31,7.3
2015-09-01,9.4
2015-09-02,11.766666666666666
2015-09-03,12.133333333333333
2015-09-04,11.233333333333334
2015-09-05,7.0
2015-09-06,6.066666666666666
2015-09-07,8.2
2015-09-08,9.033333333333331
2015-09-09,5.966666666666666
2015-09-10,4.8
2015-09-11,7.166666666666667
2015-09-12,5.8999999999999995
2015-09-13,5.333333333333333
2015-09-14,8.766666666666667
2015-09-15,7.733333333333334
2015-09-16,11.033333333333331
2015-09-17,13.6
2015-09-18,10.566666666666666
2015-09-19,9.1
2015-09-20,8.233333333333333
2015-09-21,10.0
2015-09-22,7.366666666666667
2015-09-23,6.333333333333333
2015-09-24,10.9
2015-09-25,11.5
2015-09-26,4.3999999999999995
2015-09-27,3.4
2015-09-28,4.8
2015-09-29,1.2000000000000002
2015-09-30,1.1666666666666667
2015-10-01,7.533333333333334
2015-10-02,11.366666666666667
2015-10-03,3.2000000000000006
2015-10-04,1.2333333333333334
2015-10-05,4.2
2015-10-06,-2.933333333333333
2015-10-07,-3.2999999999999994
2015-10-08,-3.0666666666666664
2015-10-09,0.2333333333333333
2015-10-10,0.2333333333333333
2015-10-11,-1.9333333333333331
2015-10-12,0.2333333333333333
2015-10-13,1.4666666666666668
2015-10-14,0.5333333333333333
2015-10-15,-0.0333333333333333
2015-10-23,7.466666666666666
2015-10-24,-1.0
2015-10-25,-1.1666666666666667
2015-10-26,0.2333333333333333
2015-10-27,-1.6
2015-10-28,-5.0
2015-10-29,-5.733333333333333
2015-10-30,-6.666666666666667
2015-10-31,-5.2
2015-11-01,0.0
2015-11-02,7.433333333333334
2015-11-03,6.033333333333334
2015-11-04,7.066666666666666
2015-11-05,-0.6999999999999998
2015-11-06,-0.4000000000000001
2015-11-07,1.3999999999999997
2015-11-08,3.8333333333333335
2015-11-09,5.1
2015-11-10,4.0
2015-11-11,3.7
2015-11-12,-0.1333333333333333
2015-11-13,0.3666666666666667
2015-11-14,-0.3333333333333333
2015-11-15,-0.1999999999999999
2015-11-16,2.6
2015-11-17,3.033333333333333
2015-11-18,2.6999999999999997
2015-11-19,3.9333333333333336
2015-11-20,1.9333333333333331
2015-11-21,-2.1333333333333333
2015-11-22,-3.4333333333333336
2015-11-23,-3.3333333333333335
2015-11-24,-3.0666666666666664
2015-11-25,-1.8
2015-11-26,-5.933333333333334
2015-11-27,-1.0666666666666669
2015-11-28,-1.3666666666666665
2015-11-29,-0.1
2015-11-30,0.4333333333333333
2015-12-01,-0.6999999999999998
2015-12-02,-2.966666666666667
2015-12-03,-2.6
2015-12-10,6.0
2015-12-11,2.4
2015-12-12,-0.4666666666666666
2015-12-13,0.1
2015-12-14,-1.6666666666666667
2015-12-15,-2.766666666666666
2015-12-16,0.8666666666666667
2015-12-17,-1.0666666666666669
2015-12-18,-0.6999999999999998
2015-12-19,3.2000000000000006
2015-12-20,5.466666666666666
2015-12-21,6.966666666666666
2015-12-22,4.3
2015-12-23,4.933333333333334
2015-12-24,4.066666666666666
2015-12-25,1.5333333333333332
2015-12-26,-2.8333333333333335
2015-12-27,-9.333333333333334
2015-12-28,-10.5
2015-12-29,-14.699999999999998
2015-12-30,-15.233333333333334
2015-12-31,-13.699999999999998
2016-01-01,-17.066666666666666
2016-01-02,-18.766666666666666
2016-01-03,-14.466666666666669
2016-01-04,-15.3
2016-01-05,-23.866666666666664
2016-01-06,-22.833333333333332
2016-01-07,-26.4
2016-01-08,-27.7
2016-01-09,-26.233333333333334
2016-01-10,-20.3
2016-01-11,-16.266666666666666
2016-01-12,-8.9
2016-01-13,-11.166666666666666
2016-01-14,-16.099999999999998
2016-01-15,-18.633333333333336
2016-01-16,-17.333333333333332
2016-01-17,-17.466666666666665
2016-01-18,-6.8999999999999995
2016-01-19,-6.433333333333334
2016-01-20,-9.933333333333332
2016-01-21,-9.9
2016-01-22,-23.600000000000005
2016-01-23,-25.366666666666664
2016-01-24,-12.0
2016-01-25,-8.0
2016-01-26,-3.2000000000000006
2016-01-27,0.6666666666666666
2016-01-28,0.8000000000000002
2016-01-29,0.9666666666666668
2016-01-30,2.3000000000000003
2016-01-31,-0.7666666666666666
2016-02-01,-0.7666666666666666
2016-02-02,-0.1
2016-02-03,-1.7
2016-02-04,-2.033333333333333
2016-02-05,-4.5
2016-02-06,-4.8999999999999995
2016-02-07,-0.8000000000000002
2016-02-08,-1.3666666666666665
2016-02-09,2.4
2016-02-10,1.1333333333333333
2016-02-11,0.4000000000000001
2016-02-12,0.2
2016-02-13,0.1
2016-02-14,0.0
2016-02-15,-0.6333333333333333
2016-02-16,-4.866666666666666
2016-02-17,-6.333333333333333
2016-02-18,-7.366666666666667
2016-02-19,-0.9333333333333332
2016-02-20,-1.2333333333333334
2016-02-21,-0.2333333333333333
2016-02-22,-0.2
2016-02-23,-0.8000000000000002
2016-02-24,-1.8666666666666665
2016-02-25,-1.6000000000000003
2016-02-26,-1.2666666666666666
2016-02-27,-3.6333333333333337
2016-02-28,-2.766666666666667
2016-02-29,-9.566666666666666
2016-03-01,-10.066666666666666
2016-03-02,-10.166666666666666
2016-03-03,-4.333333333333333
2016-03-04,-1.9666666666666668
2016-03-05,-1.3
2016-03-06,-0.1666666666666666
2016-03-07,0.5666666666666667
2016-03-08,0.1
2016-03-09,-2.566666666666667
2016-03-10,-2.1
2016-03-11,-3.233333333333333
2016-03-12,-5.5
2016-03-13,-6.5
2016-03-14,-0.8000000000000002
2016-03-15,-1.1333333333333335
2016-03-16,-0.9
2016-03-17,0.3666666666666667
2016-03-18,-8.033333333333333
2016-03-19,-10.266666666666666
2016-03-20,-11.199999999999998
2016-03-21,-5.633333333333333
2016-03-22,-12.033333333333331
2016-03-23,-14.133333333333333
2016-03-24,-12.800000000000002
2016-03-25,-7.233333333333333
2016-03-26,-1.7333333333333334
2016-03-27,-1.3
2016-03-28,-1.9333333333333331
2016-03-29,-2.533333333333333
2016-03-30,-1.8999999999999997
2016-03-31,-0.9333333333333332
2016-04-01,0.9
2016-04-02,-0.6
2016-04-03,0.0333333333333333
2016-04-04,-2.766666666666667
2016-04-05,-2.966666666666667
2016-04-06,4.8999999999999995
2016-04-07,5.0
2016-04-08,1.0333333333333332
2016-04-09,-1.7
2016-04-10,-2.7000000000000006
2016-04-11,-3.233333333333333
2016-04-12,-2.1
2016-04-13,-2.733333333333333
2016-04-14,-1.1666666666666667
2016-04-15,-2.6666666666666665
2016-04-16,-2.3666666666666667
2016-04-17,2.6666666666666665
2016-04-18,3.466666666666667
2016-04-19,2.9333333333333336
2016-04-20,1.3
2016-04-21,1.5666666666666669
2016-04-22,-1.3333333333333333
2016-04-23,-2.6666666666666665
2016-04-24,-3.3666666666666667
2016-04-25,1.4666666666666668
2016-04-26,2.966666666666667
2016-04-27,2.2666666666666666
2016-04-28,1.7333333333333334
2016-04-29,-0.9666666666666668
2016-04-30,-1.0333333333333334
2016-05-01,-1.2666666666666666
2016-05-02,5.8
2016-05-03,4.733333333333333
2016-05-04,3.233333333333333
2016-05-05,2.2666666666666666
2016-05-06,3.7999999999999994
2016-05-07,2.2333333333333334
2016-05-08,3.6
2016-05-09,3.033333333333333
2016-05-10,4.433333333333334
2016-05-11,6.033333333333334
2016-05-12,1.7
2016-05-13,1.1666666666666667
2016-05-14,7.599999999999999
2016-05-15,9.933333333333335
2016-05-16,3.1999999999999997
2016-05-17,1.6666666666666667
2016-05-18,0.5
2016-05-19,2.6999999999999997
2016-05-20,1.3666666666666665
2016-05-21,7.833333333333333
2016-05-22,5.566666666666667
2016-05-23,4.233333333333333
2016-05-24,5.966666666666666
2016-05-25,8.966666666666667
2016-05-26,9.666666666666666
2016-05-27,7.4
2016-05-28,5.933333333333334
2016-05-29,11.433333333333335
2016-05-30,11.0
2016-05-31,11.9
2016-06-01,10.4
2016-06-02,9.133333333333333
2016-06-03,11.4
2016-06-04,8.1
2016-06-05,7.1000000000000005
2016-06-06,5.8999999999999995
2016-06-07,4.3
2016-06-08,2.9333333333333336
2016-06-09,2.466666666666667
2016-06-10,2.466666666666667
2016-06-11,7.599999999999999
2016-06-12,5.766666666666667
2016-06-13,5.433333333333334
2016-06-14,3.9333333333333336
2016-06-15,5.166666666666667
2016-06-16,13.2
2016-06-17,12.6
2016-06-18,15.933333333333332
2016-06-20,14.633333333333333
2016-06-21,12.333333333333334
2016-06-22,11.533333333333331
2016-06-23,10.3
2016-06-24,14.833333333333334
2016-06-25,15.533333333333331
2016-06-26,17.1
2016-06-27,13.6
2016-06-28,11.8
2016-06-29,13.033333333333331
2016-06-30,12.633333333333333
2016-07-01,11.9
2016-07-02,13.433333333333332
2016-07-03,13.366666666666664
2016-07-04,11.833333333333334
2016-07-05,11.9
2016-07-06,8.933333333333334
2016-07-07,8.266666666666667
2016-07-08,8.766666666666667
2016-07-09,8.1
2016-07-10,10.0
2016-07-11,9.833333333333334
2016-07-12,13.1
2016-07-13,11.466666666666669
2016-07-14,10.366666666666667
2016-07-15,15.266666666666666
2016-07-16,12.766666666666666
2016-07-17,12.4
2016-07-18,12.166666666666666
2016-07-19,10.966666666666669
2016-07-20,9.433333333333332
2016-07-21,16.1
2016-07-22,17.5
2016-07-23,17.6
2016-07-24,15.366666666666667
2016-07-25,15.300000000000002
2016-07-26,16.366666666666664
2016-07-27,15.0
2016-07-28,14.633333333333333
2016-07-29,17.5
2016-07-30,15.0
2016-07-31,11.233333333333334
2016-08-01,9.333333333333334
2016-08-02,10.7
2016-08-03,10.366666666666667
2016-08-04,9.8
2016-08-05,15.233333333333333
2016-08-06,15.4
2016-08-07,12.933333333333332
2016-08-08,11.199999999999998
2016-08-09,13.533333333333331
2016-08-10,10.333333333333334
2016-08-11,6.533333333333334
2016-08-12,5.0
2016-08-13,6.333333333333333
2016-08-14,12.833333333333334
2016-08-15,8.6
2016-08-16,7.933333333333334
2016-08-17,11.699999999999998
2016-08-18,11.5
2016-08-19,10.133333333333333
2016-08-20,10.166666666666666
2016-08-21,10.699999999999998
2016-08-22,14.766666666666666
2016-08-23,11.800000000000002
2016-08-24,10.699999999999998
2016-08-25,10.3
2016-08-26,14.4
2016-08-27,12.3
2016-08-28,9.8
2016-08-29,12.433333333333332
2016-08-30,10.433333333333334
2016-08-31,8.4
2016-09-01,10.266666666666667
2016-09-02,8.700000000000001
2016-09-03,7.766666666666667
2016-09-04,9.366666666666667
2016-09-05,7.533333333333334
2016-09-06,6.033333333333334
2016-09-07,9.266666666666667
2016-09-08,5.7
2016-09-09,4.133333333333334
2016-09-10,8.633333333333335
2016-09-11,10.0
2016-09-12,7.9
2016-09-13,5.5
2016-09-14,3.1
2016-09-15,1.3333333333333333
2016-09-16,9.1
2016-09-17,8.033333333333333
2016-09-18,5.366666666666667
2016-09-19,2.7999999999999994
2016-09-20,3.9
2016-09-21,5.433333333333333
2016-09-22,8.366666666666667
2016-09-23,7.3
2016-09-24,6.933333333333334
2016-09-25,4.5
2016-09-26,2.1666666666666665
2016-09-27,4.066666666666666
2016-09-28,8.9
2016-09-29,9.666666666666666
2016-09-30,8.133333333333333
2016-10-01,5.966666666666666
2016-10-02,5.333333333333333
2016-10-03,4.333333333333333
2016-10-04,4.533333333333333
2016-10-05,6.766666666666667
2016-10-06,5.7
2016-10-07,4.8
2016-10-08,4.8
2016-10-09,3.0
2016-10-10,-1.3
2016-10-11,-0.3333333333333333
2016-10-12,-3.5
2016-10-13,-0.6
2016-10-14,0.5666666666666667
2016-10-15,-1.4666666666666668
2016-10-16,-0.4666666666666667
2016-10-17,1.2
2016-10-18,-2.7999999999999994
2016-10-19,-2.6666666666666665
2016-10-20,-3.4333333333333336
2016-10-21,-0.4666666666666667
2016-10-22,0.5333333333333333
2016-10-23,3.3000000000000003
2016-10-24,1.9666666666666668
2016-10-25,-0.1
2016-10-26,-0.8666666666666667
2016-10-27,-1.4333333333333331
2016-10-28,4.866666666666667
2016-10-29,2.7000000000000006
2016-10-30,0.8000000000000002
2016-10-31,-1.5
2016-11-01,-1.4666666666666668
2016-11-02,-1.8999999999999997
2016-11-03,-2.7000000000000006
2016-11-04,-2.3666666666666667
2016-11-05,-10.533333333333331
2016-11-06,-10.5
2016-11-07,-6.3
2016-11-08,-7.366666666666667
2016-11-09,-5.8
2016-11-10,-5.2
2016-11-11,-5.1
2016-11-12,-5.333333333333333
2016-11-13,-1.8999999999999997
2016-11-14,-1.9666666666666668
2016-11-15,0.0333333333333333
2016-11-16,0.1
2016-11-17,0.6
2016-11-18,0.6
2016-11-19,2.3666666666666667
2016-11-20,2.5
2016-11-21,1.8
2016-11-22,0.6999999999999998
2016-11-23,0.5
2016-11-24,1.8999999999999997
2016-11-25,-2.3333333333333335
2016-11-26,-0.4333333333333333
2016-11-27,-2.2
2016-11-28,-7.133333333333333
2016-11-29,-9.033333333333331
2016-11-30,-5.033333333333333
2016-12-01,-1.8999999999999997
2016-12-02,-3.2000000000000006
2016-12-03,-5.033333333333333
2016-12-04,-7.833333333333333
2016-12-05,-2.6999999999999997
2016-12-06,-10.3
2016-12-07,-10.966666666666669
2016-12-08,0.1
2016-12-09,-0.1333333333333333
2016-12-10,-8.133333333333333
2016-12-11,-11.566666666666665
2016-12-12,-8.233333333333333
2016-12-13,-2.9333333333333336
2016-12-14,-7.433333333333334
2016-12-15,-11.2
2016-12-16,-0.9
2016-12-17,-0.2666666666666666
2016-12-18,-0.6
2016-12-19,0.5333333333333333
2016-12-20,0.6
2016-12-21,1.3666666666666665
2016-12-22,1.2666666666666666
2016-12-23,1.5666666666666669
2016-12-24,-0.0666666666666666
2016-12-25,0.1
2016-12-26,-0.6333333333333333
2016-12-27,-0.2333333333333333
2016-12-28,-1.7
2016-12-29,-2.1
2016-12-30,2.9333333333333336
2016-12-31,4.366666666666666
2017-01-01,-0.0666666666666666
2017-01-02,-4.333333333333333
2017-01-03,-9.7
2017-01-04,-15.6
2017-01-05,-18.666666666666668
2017-01-06,-23.26666666666667
2017-01-07,-23.866666666666664
2017-01-08,-10.3
2017-01-09,-4.366666666666667
2017-01-10,-9.0
2017-01-11,-10.433333333333334
2017-01-12,-7.266666666666667
2017-01-13,-3.266666666666667
2017-01-14,-3.533333333333333
2017-01-15,-2.533333333333333
2017-01-16,-5.966666666666666
2017-01-17,-7.566666666666666
2017-01-18,-5.866666666666667
2017-01-19,0.3666666666666667
2017-01-20,-2.733333333333333
2017-01-21,-5.0
2017-01-22,-2.733333333333333
2017-01-23,0.5666666666666668
2017-01-24,-5.5
2017-01-25,-9.6
2017-01-26,-6.666666666666667
2017-01-27,-0.4000000000000001
2017-01-28,-0.8000000000000002
2017-01-29,-0.2
2017-01-30,-0.4000000000000001
2017-01-31,-0.6333333333333333
2017-02-01,-0.6
2017-02-02,-2.3
2017-02-03,-2.0
2017-02-04,-2.166666666666667
2017-02-05,-9.033333333333331
2017-02-06,-16.366666666666667
2017-02-07,-20.766666666666666
2017-02-08,-21.0
2017-02-09,-16.066666666666666
2017-02-10,-11.233333333333334
2017-02-11,-9.133333333333333
2017-02-12,-7.833333333333333
2017-02-13,-4.166666666666667
2017-02-14,-3.033333333333333
2017-02-15,-5.666666666666667
2017-02-16,-4.466666666666667
2017-02-17,-0.9666666666666668
2017-02-18,0.4000000000000001
2017-02-19,0.6333333333333333
2017-02-20,1.2
2017-02-21,-4.8999999999999995
2017-02-22,-10.233333333333333
2017-02-23,-3.6
2017-02-24,-5.566666666666666
2017-02-25,-6.3
2017-02-26,-6.333333333333333
2017-02-27,-0.7666666666666666
2017-02-28,0.3666666666666667
2017-03-01,-0.4666666666666666
2017-03-02,-2.2666666666666666
2017-03-03,-2.066666666666667
2017-03-04,-1.1
2017-03-05,-4.733333333333333
2017-03-06,-5.7
2017-03-07,-4.2
2017-03-08,-0.4000000000000001
2017-03-09,-0.1
2017-03-10,-1.1
2017-03-11,-0.9
2017-03-12,-1.6333333333333335
2017-03-13,-4.8
2017-03-14,-5.333333333333333
2017-03-15,-0.6666666666666666
2017-03-16,-2.6
2017-03-17,-2.566666666666667
2017-03-18,-0.2333333333333333
2017-03-19,-3.1
2017-03-20,-4.033333333333333
2017-03-21,-0.0333333333333333
2017-03-22,0.0666666666666666
2017-03-23,-1.9333333333333331
2017-03-24,-4.233333333333333
2017-03-25,-4.566666666666666
2017-03-26,-0.4000000000000001
2017-03-27,0.8000000000000002
2017-03-28,-4.133333333333333
2017-03-29,-5.466666666666666
2017-03-30,-4.800000000000001
2017-03-31,-5.2
2017-04-01,-5.566666666666666
2017-04-02,4.166666666666667
2017-04-03,0.4000000000000001
2017-04-04,-2.8000000000000003
2017-04-05,0.7333333333333334
2017-04-06,-1.8333333333333333
2017-04-07,-2.8666666666666667
2017-04-08,-1.4333333333333331
2017-04-09,0.0333333333333333
2017-04-10,2.2
2017-04-11,1.3333333333333333
2017-04-12,0.0
2017-04-13,-3.4333333333333336
2017-04-14,-5.933333333333334
2017-04-15,-6.066666666666666
2017-04-16,-7.333333333333333
2017-04-17,-3.4333333333333336
2017-04-18,-3.933333333333333
2017-04-19,-6.0
2017-04-20,-7.599999999999999
2017-04-21,0.0
2017-04-22,-0.5333333333333333
2017-04-23,-2.733333333333333
2017-04-24,-3.5
2017-04-25,-1.8999999999999997
2017-04-26,-0.3
2017-04-27,-2.0666666666666664
2017-04-28,-2.966666666666667
2017-04-29,3.1666666666666665
2017-04-30,-2.7000000000000006
2017-05-01,-3.966666666666667
2017-05-02,-0.6
2017-05-03,-0.3333333333333333
2017-05-04,-0.8333333333333334
2017-05-05,-2.3
2017-05-06,5.233333333333333
2017-05-07,0.3
2017-05-08,-0.6
2017-05-09,-3.1666666666666665
2017-05-10,-4.533333333333333
2017-05-11,-4.766666666666667
2017-05-12,-3.4
2017-05-13,-3.7000000000000006
2017-05-14,2.3666666666666667
2017-05-15,3.766666666666667
2017-05-16,-0.8333333333333334
2017-05-17,-2.033333333333333
2017-05-18,9.433333333333332
2017-05-19,10.433333333333332
2017-05-20,7.900000000000001
2017-05-21,4.1000000000000005
2017-05-22,3.0666666666666664
2017-05-23,7.5
2017-05-24,7.5
2017-05-25,8.133333333333335
2017-05-26,6.133333333333333
2017-05-27,5.833333333333333
2017-05-28,9.466666666666669
2017-05-29,5.633333333333333
2017-05-30,4.733333333333333
2017-05-31,7.900000000000001
2017-06-01,3.466666666666667
2017-06-02,2.2666666666666666
2017-06-03,2.1666666666666665
2017-06-04,2.3666666666666667
2017-06-05,5.466666666666666
2017-06-06,6.666666666666667
2017-06-07,5.966666666666666
2017-06-08,6.866666666666667
2017-06-09,6.766666666666667
2017-06-10,6.266666666666667
2017-06-11,7.3
2017-06-12,8.966666666666667
2017-06-13,8.733333333333333
2017-06-14,5.5
2017-06-15,3.766666666666667
2017-06-16,2.966666666666667
2017-06-17,7.133333333333333
2017-06-18,10.433333333333332
2017-06-19,8.366666666666667
2017-06-20,7.566666666666666
2017-06-21,8.433333333333334
2017-06-22,4.8999999999999995
2017-06-23,2.1333333333333333
2017-06-24,1.6000000000000003
2017-06-25,10.866666666666664
2017-06-26,9.4
2017-06-27,8.333333333333334
2017-06-28,6.866666666666667
2017-06-29,5.766666666666667
2017-06-30,13.833333333333334
2017-07-01,12.666666666666666
2017-07-02,11.4
2017-07-03,7.866666666666667
2017-07-04,7.400000000000001
2017-07-05,7.5
2017-07-06,6.266666666666666
2017-07-07,6.266666666666667
2017-07-08,5.766666666666667
2017-07-09,5.7
2017-07-10,8.5
2017-07-11,10.466666666666669
2017-07-12,11.633333333333333
2017-07-13,10.5
2017-07-14,10.5
2017-07-15,9.933333333333332
2017-07-16,11.266666666666667
2017-07-17,9.466666666666669
2017-07-18,8.566666666666666
2017-07-19,7.766666666666666
2017-07-20,6.766666666666667
2017-07-21,5.966666666666666
2017-07-22,8.1
2017-07-23,7.133333333333333
2017-07-24,7.400000000000001
2017-07-25,8.266666666666667
2017-07-26,11.933333333333332
2017-07-27,14.6
2017-07-28,12.1
2017-07-29,11.733333333333334
2017-07-30,11.666666666666666
2017-07-31,11.699999999999998
2017-08-01,13.366666666666667
2017-08-02,13.033333333333331
2017-08-03,12.433333333333332
2017-08-04,14.1
2017-08-05,13.366666666666667
2017-08-06,12.466666666666669
2017-08-07,10.0
2017-08-08,8.466666666666667
2017-08-09,9.033333333333331
2017-08-10,11.533333333333331
2017-08-11,9.766666666666667
2017-08-12,12.633333333333333
2017-08-13,11.533333333333331
2017-08-14,6.8
2017-08-15,5.266666666666667
2017-08-16,12.133333333333333
2017-08-17,13.966666666666669
2017-08-18,13.866666666666667
2017-08-19,14.566666666666668
2017-08-20,12.733333333333334
2017-08-21,11.199999999999998
2017-08-22,10.6
2017-08-23,12.033333333333331
2017-08-24,9.2
2017-08-25,7.099999999999999
2017-08-26,8.533333333333333
2017-08-27,7.2
2017-08-28,4.766666666666667
2017-08-29,6.366666666666667
2017-08-30,7.633333333333333
2017-08-31,11.300000000000002
2017-09-01,8.566666666666668
2017-09-02,8.866666666666667
2017-09-03,11.066666666666668
2017-09-04,9.266666666666667
2017-09-05,8.233333333333334
2017-09-06,7.0
2017-09-07,9.4
2017-09-08,8.666666666666666
2017-09-09,9.9
2017-09-10,11.666666666666666
2017-09-11,13.833333333333334
2017-09-12,13.633333333333333
2017-09-13,10.966666666666669
2017-09-14,9.7
2017-09-15,9.7
2017-09-16,7.133333333333333
2017-09-17,6.466666666666666
2017-09-18,8.933333333333334
2017-09-19,8.9
2017-09-20,8.7
2017-09-21,9.4
2017-09-22,10.333333333333334
2017-09-23,7.0
2017-09-24,5.3
2017-09-25,5.1
2017-09-26,4.633333333333333
2017-09-27,2.733333333333333
2017-09-28,0.7333333333333334
2017-09-29,0.5333333333333333
2017-09-30,7.099999999999999
2017-10-01,6.533333333333334
2017-10-02,4.233333333333333
2017-10-03,4.633333333333333
2017-10-04,7.666666666666667
2017-10-05,4.8999999999999995
2017-10-06,4.933333333333334
2017-10-07,5.800000000000001
2017-10-08,7.433333333333334
2017-10-09,6.166666666666667
2017-10-10,4.366666666666667
2017-10-11,5.833333333333333
2017-10-12,4.8
2017-10-13,5.433333333333334
2017-10-14,4.6
2017-10-15,3.466666666666667
2017-10-16,4.0
2017-10-17,3.766666666666667
2017-10-18,2.166666666666667
2017-10-19,-0.5333333333333333
2017-10-20,-2.9333333333333336
2017-10-21,-4.3
2017-10-22,-3.5
2017-10-23,-4.2
2017-10-24,-4.0
2017-10-25,-5.666666666666667
2017-10-26,-1.1333333333333333
2017-10-27,-0.6
2017-10-28,-0.6999999999999998
2017-10-29,1.6333333333333335
2017-10-30,1.3666666666666665
2017-10-31,-2.6333333333333333
2017-11-01,-2.1999999999999997
2017-11-02,-0.4000000000000001
2017-11-03,-1.5333333333333332
2017-11-04,-0.8666666666666667
2017-11-05,4.433333333333334
2017-11-06,1.3666666666666665
2017-11-07,-1.2
2017-11-08,-2.3333333333333335
2017-11-09,0.7666666666666666
2017-11-10,2.4
2017-11-11,2.0666666666666664
2017-11-12,1.8999999999999997
2017-11-13,1.1666666666666667
2017-11-14,0.2333333333333333
2017-11-29,0.1
2017-11-30,-1.5333333333333332
2017-12-01,-0.1
2017-12-02,-0.6333333333333333
2017-12-03,-1.0666666666666669
2017-12-04,-1.3
2017-12-05,-1.8333333333333333
2017-12-06,-3.1
2017-12-07,-5.166666666666666
2017-12-08,0.0333333333333333
2017-12-09,-0.8666666666666667
2017-12-10,-2.166666666666667
2017-12-11,-4.366666666666667
2017-12-12,-2.0
2017-12-13,-1.5333333333333332
2017-12-14,-2.9
2017-12-15,-0.1666666666666666
2017-12-16,-0.8000000000000002
2017-12-17,-1.0
2017-12-18,-2.6999999999999997
2017-12-19,-2.2666666666666666
2017-12-20,-3.3666666666666667
2017-12-21,-2.766666666666667
2017-12-22,-1.0333333333333334
2017-12-23,-2.6
2017-12-24,-3.5666666666666664
2017-12-25,-5.800000000000001
2017-12-26,1.3999999999999997
2017-12-27,-1.0666666666666669
2017-12-28,0.1666666666666666
2017-12-29,1.7
2017-12-30,-2.1
2017-12-31,-1.7666666666666666
2018-01-01,-0.0333333333333333
2018-01-02,0.7666666666666666
2018-01-03,0.3
2018-01-04,1.1
2018-01-05,2.6
2018-01-06,-0.0333333333333333
2018-01-07,-2.766666666666667
2018-01-08,-4.3999999999999995
2018-01-09,-1.5666666666666669
2018-01-10,-2.6
2018-01-11,-3.0666666666666664
2018-01-12,-10.233333333333333
2018-01-13,-10.333333333333334
2018-01-14,-10.266666666666667
2018-01-15,-10.766666666666666
2018-01-16,-11.9
2018-01-17,-9.133333333333333
2018-01-18,-4.6
2018-01-19,-3.2999999999999994
2018-01-20,-5.5
2018-01-21,-6.933333333333334
2018-01-22,-7.766666666666667
2018-01-23,-8.9
2018-01-24,-9.166666666666666
2018-01-25,-1.1666666666666667
2018-01-26,0.5666666666666667
2018-01-27,-0.7333333333333334
2018-01-28,-0.5666666666666667
2018-01-29,-0.4666666666666666
2018-01-30,-4.8
2018-01-31,-5.599999999999999
2018-02-01,-3.9
2018-02-02,-0.8000000000000002
2018-02-03,-3.5
2018-02-04,-10.533333333333331
2018-02-05,-9.066666666666668
2018-02-06,-9.266666666666667
2018-02-07,-8.733333333333333
2018-02-08,-12.066666666666668
2018-02-09,-7.099999999999999
2018-02-10,-6.8
2018-02-11,-5.166666666666667
2018-02-12,-5.066666666666666
2018-02-13,-3.6333333333333337
2018-02-14,-12.8
2018-02-15,-14.633333333333333
2018-02-16,-10.1
2018-02-17,-6.133333333333333
2018-02-18,-7.433333333333334
2018-02-19,-7.900000000000001
2018-02-20,-14.5
2018-02-21,-20.666666666666668
2018-02-22,-20.5
2018-02-23,-20.433333333333337
2018-02-24,-20.23333333333333
2018-02-25,-20.299999999999997
2018-02-26,-20.26666666666667
2018-02-27,-21.366666666666664
2018-02-28,-22.76666666666667
2018-03-01,-21.666666666666668
2018-03-02,-15.833333333333334
2018-03-03,-17.033333333333335
2018-03-04,-18.666666666666668
2018-03-05,-19.366666666666664
2018-03-06,-9.833333333333334
2018-03-07,-12.199999999999998
2018-03-08,-3.6
2018-03-09,-1.8333333333333333
2018-03-10,-1.7333333333333334
2018-03-11,-3.5666666666666664
2018-03-12,-4.2
2018-03-13,1.5666666666666669
2018-03-14,-3.233333333333333
2018-03-15,-11.4
2018-03-16,-15.199999999999998
2018-03-17,-15.5
2018-03-18,-9.866666666666667
2018-03-19,-1.6666666666666667
2018-03-20,-5.166666666666667
2018-03-21,-7.900000000000001
2018-03-22,-4.666666666666667
2018-03-23,-4.133333333333333
2018-03-24,-4.266666666666667
2018-03-25,-0.8666666666666667
2018-03-26,-10.166666666666666
2018-03-27,-11.9
2018-03-28,-13.6
2018-03-29,-10.2
2018-03-30,-8.866666666666667
2018-03-31,-2.3
2018-04-01,-0.3666666666666667
2018-04-02,-0.0333333333333333
2018-04-03,-4.066666666666666
2018-04-04,-3.1666666666666665
2018-04-05,2.033333333333333
2018-04-06,0.3333333333333333
2018-04-07,-0.2666666666666666
2018-04-08,-0.6
2018-04-09,3.2999999999999994
2018-04-10,-2.3666666666666667
2018-04-11,-3.766666666666667
2018-04-12,-5.1
2018-04-13,-4.133333333333334
2018-04-14,-2.4333333333333336
2018-04-15,-0.0666666666666666
2018-04-16,5.366666666666667
2018-04-17,4.3
2018-04-18,4.233333333333333
2018-04-19,2.3666666666666667
2018-04-20,0.6
2018-04-21,6.233333333333333
2018-04-22,-2.3
2018-04-23,-3.533333333333333
2018-04-24,3.1333333333333333
2018-04-25,5.400000000000001
2018-04-26,1.1333333333333333
2018-04-27,-0.0333333333333333
2018-04-28,0.3
2018-04-29,-0.1333333333333333
2018-04-30,4.533333333333333
2018-05-01,4.8
2018-05-02,2.1
2018-05-03,0.9
2018-05-04,3.2999999999999994
2018-05-05,0.0666666666666666
2018-05-06,-1.2
2018-05-07,2.7000000000000006
2018-05-08,4.833333333333333
2018-05-09,1.8
2018-05-10,5.3999999999999995
2018-05-11,4.766666666666667
2018-05-12,3.5
2018-05-13,5.366666666666667
2018-05-14,7.466666666666666
2018-05-15,8.033333333333333
2018-05-16,9.733333333333334
2018-05-17,7.366666666666667
2018-05-18,9.966666666666669
2018-05-19,2.6666666666666665
2018-05-20,1.5666666666666669
2018-05-21,3.3333333333333335
2018-05-22,5.8
2018-05-23,8.5
2018-05-24,6.8
2018-05-25,6.266666666666667
2018-05-26,6.533333333333334
2018-05-27,7.7
2018-05-28,5.1
2018-05-29,7.7
2018-05-30,7.8
2018-05-31,3.9666666666666663
2018-06-01,4.466666666666667
2018-06-02,6.6000000000000005
2018-06-03,9.166666666666666
2018-06-04,8.666666666666666
2018-06-05,4.733333333333333
2018-06-06,2.4
2018-06-07,0.5
2018-06-08,3.4666666666666663
2018-06-09,2.1333333333333333
2018-06-10,3.466666666666667
2018-06-11,8.933333333333334
2018-06-12,6.933333333333334
2018-06-13,5.433333333333334
2018-06-14,7.900000000000001
2018-06-15,10.566666666666668
2018-06-16,10.933333333333332
2018-06-17,13.533333333333331
2018-06-18,12.233333333333334
2018-06-19,9.666666666666666
2018-06-20,9.066666666666668
2018-06-21,10.766666666666666
2018-06-22,7.2
2018-06-23,6.400000000000001
2018-06-24,10.5
2018-06-25,7.4
2018-06-26,6.5
2018-06-27,8.7
2018-06-28,10.233333333333333
2018-06-29,9.833333333333334
2018-06-30,7.633333333333333
2018-07-01,9.933333333333332
2018-07-02,7.333333333333333
2018-07-03,5.933333333333334
2018-07-04,7.2
2018-07-05,12.5
2018-07-06,13.0
2018-07-07,11.800000000000002
2018-07-08,15.0
2018-07-09,14.0
2018-07-10,14.1
2018-07-11,13.366666666666667
2018-07-12,13.699999999999998
2018-07-13,13.133333333333333
2018-07-14,12.466666666666669
2018-07-15,13.9
2018-07-16,14.866666666666667
2018-07-17,18.366666666666664
2018-07-18,19.2
2018-07-19,16.033333333333335
2018-07-20,15.5
2018-07-21,15.4
2018-07-22,14.566666666666668
2018-07-23,13.699999999999998
2018-07-24,15.1
2018-07-25,13.533333333333331
2018-07-26,15.466666666666669
2018-07-27,13.9
2018-07-28,20.633333333333333
2018-07-29,21.066666666666663
2018-07-30,19.76666666666667
2018-07-31,17.433333333333334
2018-08-01,15.0
2018-08-02,14.0
2018-08-03,14.633333333333333
2018-08-04,13.633333333333333
2018-08-05,13.433333333333332
2018-08-06,10.666666666666666
2018-08-07,10.066666666666668
2018-08-08,8.433333333333332
2018-08-09,12.1
2018-08-10,16.233333333333334
2018-08-11,14.0
2018-08-12,13.0
2018-08-13,8.9
2018-08-14,6.7
2018-08-15,14.4
2018-08-16,12.866666666666667
2018-08-17,12.199999999999998
2018-08-18,14.8
2018-08-19,13.566666666666668
2018-08-20,13.066666666666668
2018-08-21,8.666666666666666
2018-08-22,6.0
2018-08-23,8.4
2018-08-24,10.5
2018-08-25,12.466666666666669
2018-08-26,12.233333333333334
2018-08-27,7.666666666666667
2018-08-28,5.7
2018-08-29,9.4
2018-08-30,11.9
2018-08-31,10.066666666666666
2018-09-01,13.533333333333331
2018-09-02,11.266666666666666
2018-09-03,9.233333333333333
2018-09-04,12.699999999999998
2018-09-05,13.133333333333336
2018-09-06,13.800000000000002
2018-09-07,12.866666666666667
2018-09-08,11.699999999999998
2018-09-09,11.4
2018-09-10,11.933333333333332
2018-09-11,11.333333333333334
2018-09-12,14.366666666666667
2018-09-13,7.2
2018-09-14,6.966666666666666
2018-09-15,6.7
2018-09-16,5.633333333333333
2018-09-17,5.033333333333333
2018-09-18,8.7
2018-09-19,9.833333333333334
2018-09-20,11.433333333333335
2018-09-21,11.7
2018-09-22,7.099999999999999
2018-09-23,5.266666666666667
2018-09-24,3.3333333333333335
2018-09-25,1.6333333333333335
2018-09-26,1.5
2018-09-27,5.8
2018-09-28,1.3999999999999997
2018-09-29,0.0
2018-09-30,4.7
2018-10-01,4.766666666666667
2018-10-02,3.6
2018-10-03,4.6000000000000005
2018-10-04,-1.6666666666666667
2018-10-05,-1.3333333333333333
2018-10-06,8.799999999999999
2018-10-07,2.8666666666666667
2018-10-08,0.1999999999999999
2018-10-09,6.0
2018-10-10,7.433333333333333
2018-10-11,5.2
2018-10-12,6.8
2018-10-13,5.633333333333333
2018-10-14,6.733333333333334
2018-10-15,4.066666666666666
2018-10-16,5.0
2018-10-17,3.466666666666667
2018-10-18,4.0
2018-10-19,0.3666666666666667
2018-10-20,-0.2666666666666666
2018-10-21,-1.3
2018-10-22,2.6666666666666665
2018-10-23,0.9
2018-10-24,2.433333333333333
2018-10-25,-1.5666666666666669
2018-10-26,-1.3333333333333333
2018-10-27,-1.4666666666666668
2018-10-28,-1.3666666666666665
2018-10-29,-2.2666666666666666
2018-10-30,-1.2
2018-10-31,2.9
2018-11-01,3.433333333333333
2018-11-02,7.633333333333333
2018-11-03,7.7
2018-11-04,-0.8000000000000002
2018-11-05,-0.1666666666666666
2018-11-06,3.6
2018-11-07,5.033333333333333
2018-11-08,3.7999999999999994
2018-11-09,3.2999999999999994
2018-11-10,2.5
2018-11-11,3.1
2018-11-12,2.1666666666666665
2018-11-13,2.9
2018-11-14,3.9333333333333336
2018-11-15,3.2999999999999994
2018-11-16,3.4333333333333336
2018-11-17,2.0
2018-11-18,1.7666666666666666
2018-11-19,-1.3666666666666665
2018-11-20,-1.4333333333333331
2018-11-21,-1.0
2018-11-22,-0.6666666666666666
2018-11-23,-0.6
2018-11-24,-3.4
2018-11-25,-5.5
2018-11-26,-4.566666666666666
2018-11-27,-5.633333333333333
2018-11-28,-10.766666666666666
2018-11-29,-11.766666666666666
2018-11-30,-9.366666666666667
2018-12-01,-11.566666666666668
2018-12-02,-9.966666666666669
2018-12-03,-8.0
2018-12-04,-0.5666666666666667
2018-12-05,-1.1
2018-12-06,-3.2000000000000006
2018-12-07,-2.733333333333333
2018-12-08,-1.3999999999999997
2018-12-09,-0.0666666666666666
2018-12-10,0.0333333333333333
2018-12-11,-0.3
2018-12-12,-1.7
2018-12-13,-2.2666666666666666
2018-12-14,-3.2000000000000006
2018-12-15,-7.366666666666667
2018-12-16,-6.833333333333333
2018-12-17,-5.233333333333333
2018-12-18,-5.433333333333334
2018-12-19,-8.299999999999999
2018-12-20,-8.466666666666667
2018-12-21,-9.9
2018-12-22,-9.966666666666669
2018-12-23,-6.266666666666667
2018-12-24,-5.866666666666667
2018-12-25,-5.1
2018-12-26,-0.4000000000000001
2018-12-27,-1.1
2018-12-28,0.0
2018-12-29,-0.7666666666666666
2018-12-30,-0.4000000000000001
2018-12-31,-1.7
2019-01-01,-1.3666666666666665
2019-01-02,-3.5666666666666664
2019-01-03,-5.3
2019-01-04,-6.400000000000001
2019-01-05,-13.666666666666666
2019-01-06,-12.066666666666668
2019-01-07,-6.066666666666666
2019-01-08,-4.566666666666666
2019-01-09,-6.233333333333334
2019-01-10,-10.4
2019-01-11,-6.400000000000001
2019-01-12,-6.7
2019-01-13,-4.199999999999999
2019-01-14,-3.5
2019-01-15,-6.8
2019-01-16,-7.766666666666666
2019-01-17,-4.466666666666667
2019-01-18,-10.133333333333333
2019-01-19,-9.5
2019-01-20,-10.666666666666666
2019-01-21,-19.533333333333335
2019-01-22,-21.766666666666666
2019-01-23,-16.066666666666666
2019-01-24,-19.633333333333336
2019-01-25,-19.033333333333335
2019-01-26,-12.366666666666667
2019-01-27,-18.4
2019-01-28,-16.166666666666668
2019-01-29,-10.266666666666667
2019-01-30,-7.666666666666667
2019-01-31,-12.133333333333333
2019-02-01,-5.7
2019-02-02,-1.1
2019-02-03,0.2
2019-02-04,-4.366666666666666
2019-02-05,-3.7000000000000006
2019-02-06,-12.1
2019-02-07,-12.133333333333333
2019-02-08,-1.3333333333333333
2019-02-09,0.5666666666666668
2019-02-10,1.2333333333333334
2019-02-11,0.0333333333333333
2019-02-12,-3.8333333333333335
2019-02-13,-5.966666666666666
2019-02-14,-0.6999999999999998
2019-02-15,1.9333333333333331
2019-02-16,0.8000000000000002
2019-02-17,-4.533333333333333
2019-02-18,-7.033333333333334
2019-02-19,-0.2666666666666666
2019-02-20,-4.466666666666667
2019-02-21,-10.766666666666666
2019-02-22,-11.533333333333331
2019-02-23,-10.633333333333333
2019-02-24,0.6
2019-02-25,0.4333333333333333
2019-02-26,-3.266666666666667
2019-02-27,-3.6666666666666665
2019-02-28,-3.466666666666667
2019-03-01,-10.766666666666666
2019-03-02,-11.366666666666667
2019-03-03,-3.1
2019-03-04,-3.2999999999999994
2019-03-05,-6.466666666666666
2019-03-06,-11.466666666666669
2019-03-07,-6.733333333333334
2019-03-08,0.3999999999999999
2019-03-09,-0.6333333333333333
2019-03-10,-2.6666666666666665
2019-03-11,-6.400000000000001
2019-03-12,-6.033333333333334
2019-03-13,-3.2999999999999994
2019-03-14,-1.8999999999999997
2019-03-15,1.0333333333333334
2019-03-16,0.6999999999999998
2019-03-17,0.5
2019-03-18,-0.6666666666666666
2019-03-19,-0.4666666666666666
2019-03-20,0.1333333333333333
2019-03-21,1.2999999999999998
2019-03-22,-3.2000000000000006
2019-03-23,-4.0
2019-03-24,0.1666666666666666
2019-03-25,-2.1333333333333333
2019-03-26,-3.5
2019-03-27,-6.366666666666667
2019-03-28,-3.3333333333333335
2019-03-29,2.1666666666666665
2019-03-30,2.766666666666666
2019-03-31,-0.7333333333333334
2019-04-01,-3.8
2019-04-02,-4.566666666666666
2019-04-03,-3.5
2019-04-04,-2.4
2019-04-05,-2.7000000000000006
2019-04-06,-3.6
2019-04-07,-0.8000000000000002
2019-04-08,2.1
2019-04-09,0.1666666666666666
2019-04-10,-0.6999999999999998
2019-04-11,-1.1666666666666667
2019-04-12,-3.433333333333333
2019-04-13,-4.833333333333333
2019-04-14,-2.4333333333333336
2019-04-15,-2.9
2019-04-16,-2.433333333333333
2019-04-17,-2.333333333333333
2019-04-18,-2.466666666666667
2019-04-19,-2.733333333333333
2019-04-20,4.433333333333334
2019-04-21,-0.1666666666666666
2019-04-22,-1.7
2019-04-23,1.4666666666666668
2019-04-24,1.3
2019-04-25,2.6333333333333333
2019-04-26,5.5
2019-04-27,7.433333333333334
2019-04-28,3.5333333333333337
2019-04-29,-0.4333333333333333
2019-04-30,-1.5
2019-05-01,-2.7000000000000006
2019-05-02,2.7000000000000006
2019-05-03,-0.2666666666666666
2019-05-04,-2.5666666666666664
2019-05-05,-1.3
2019-05-06,-2.2333333333333334
2019-05-07,-1.2333333333333332
2019-05-08,-1.8666666666666665
2019-05-09,-2.0
2019-05-10,5.3999999999999995
2019-05-11,3.3666666666666667
2019-05-12,6.933333333333334
2019-05-13,6.933333333333334
2019-05-14,0.7000000000000001
2019-05-15,-0.8666666666666667
2019-05-16,-0.0666666666666666
2019-05-17,1.8
2019-05-18,2.3333333333333335
2019-05-19,7.7
2019-05-20,10.833333333333334
2019-05-21,12.633333333333333
2019-05-22,11.366666666666667
2019-05-23,9.533333333333331
2019-05-24,8.766666666666667
2019-05-25,10.266666666666667
2019-05-26,6.8
2019-05-27,6.0
2019-05-28,8.233333333333333
2019-05-29,6.0
2019-05-30,3.266666666666667
2019-05-31,4.233333333333333
2019-06-01,2.4333333333333336
2019-06-02,5.8
2019-06-03,5.0
2019-06-04,9.633333333333333
2019-06-05,11.333333333333334
2019-06-06,13.566666666666668
2019-06-07,15.633333333333333
2019-06-08,15.699999999999998
2019-06-09,8.533333333333333
2019-06-10,7.233333333333333
2019-06-11,13.199999999999998
2019-06-12,14.366666666666667
2019-06-13,13.966666666666669
2019-06-14,13.0
2019-06-15,11.233333333333334
2019-06-16,9.566666666666668
2019-06-17,11.533333333333331
2019-06-18,9.433333333333334
2019-06-19,9.7
2019-06-20,12.966666666666669
2019-06-21,16.2
2019-06-22,8.066666666666665
2019-06-23,6.933333333333334
2019-06-24,7.8
2019-06-25,6.533333333333334
2019-06-26,12.9
2019-06-27,11.1
2019-06-28,9.933333333333334
2019-06-29,7.766666666666667
2019-06-30,11.800000000000002
2019-07-01,14.9
2019-07-05,8.8
2019-07-06,8.833333333333334
2019-07-07,9.9
2019-07-08,9.966666666666669
2019-07-09,9.166666666666666
2019-07-10,9.633333333333333
2019-07-11,6.8
2019-07-12,4.833333333333333
2019-07-13,7.1000000000000005
2019-07-14,8.566666666666668
2019-07-15,7.3
2019-07-16,8.733333333333333
2019-07-17,10.233333333333333
2019-07-18,12.166666666666666
2019-07-19,14.1
2019-07-20,10.633333333333333
2019-07-21,9.366666666666667
2019-07-22,11.5
2019-07-23,11.233333333333334
2019-07-24,10.166666666666666
2019-07-25,15.3
2019-07-26,13.666666666666666
2019-07-27,16.53333333333333
2019-07-28,13.366666666666664
2019-07-29,8.866666666666667
2019-07-30,8.200000000000001
2019-07-31,9.9
2019-08-01,9.333333333333334
2019-08-02,8.033333333333333
2019-08-03,6.466666666666666
2019-08-04,5.233333333333333
2019-08-05,5.2
2019-08-06,10.699999999999998
2019-08-07,12.533333333333331
2019-08-08,12.733333333333334
2019-08-09,10.466666666666669
2019-08-10,9.366666666666667
2019-08-11,12.0
2019-08-12,11.199999999999998
2019-08-13,9.966666666666669
2019-08-14,9.733333333333334
2019-08-15,7.900000000000001
2019-08-16,6.599999999999999
2019-08-17,8.566666666666668
2019-08-18,7.533333333333334
2019-08-19,11.1
2019-08-20,9.7
2019-08-21,10.7
2019-08-22,9.4
2019-08-23,8.766666666666667
2019-08-24,7.733333333333334
2019-08-25,6.133333333333333
2019-08-26,9.5
2019-08-27,11.033333333333331
2019-08-28,9.633333333333333
2019-08-29,10.9
2019-08-30,14.666666666666666
2019-08-31,10.766666666666666
2019-09-01,8.633333333333333
2019-09-02,10.333333333333334
2019-09-03,9.466666666666669
2019-09-04,7.166666666666667
2019-09-05,8.0
2019-09-06,7.2
2019-09-07,6.433333333333334
2019-09-08,6.599999999999999
2019-09-09,13.866666666666667
2019-09-10,12.766666666666666
2019-09-11,11.166666666666666
2019-09-12,9.466666666666669
2019-09-13,7.7
2019-09-14,3.6
2019-09-15,3.0
2019-09-16,7.333333333333333
2019-09-17,-0.0333333333333333
2019-09-18,-0.5666666666666667
2019-09-19,2.3333333333333335
2019-09-20,1.7
2019-09-21,3.1999999999999997
2019-09-22,-0.9666666666666668
2019-09-23,-2.3
2019-09-24,2.3000000000000003
2019-09-25,1.4333333333333331
2019-09-26,-1.7333333333333334
2019-09-27,-1.8
2019-09-28,0.0
2019-09-29,7.166666666666667
2019-09-30,9.6
2019-10-01,4.8
2019-10-02,4.666666666666667
2019-10-03,4.833333333333333
2019-10-04,-0.7333333333333334
2019-10-05,-3.133333333333333
2019-10-06,-3.133333333333333
2019-10-07,-1.2666666666666668
2019-10-08,-0.3
2019-10-09,2.6999999999999997
2019-10-10,4.633333333333333
2019-10-11,6.433333333333334
2019-10-12,7.233333333333333
2019-10-13,2.6666666666666665
2019-10-14,2.066666666666667
2019-10-15,2.1666666666666665
2019-10-16,4.0
2019-10-17,4.033333333333333
2019-10-18,10.5
2019-10-19,5.966666666666666
2019-10-20,5.3999999999999995
2019-10-21,6.366666666666667
2019-10-22,3.266666666666667
2019-10-23,9.1
2019-10-24,4.933333333333334
2019-10-25,3.9333333333333336
2019-10-26,8.833333333333334
2019-10-27,7.3
2019-11-01,-2.166666666666667
2019-11-02,-1.1333333333333333
2019-11-03,3.0
2019-11-04,1.8999999999999997
2019-11-05,0.1666666666666666
2019-11-06,-0.9
2019-11-07,-0.9
2019-11-08,0.0
2019-11-09,2.8000000000000003
2019-11-10,5.2
2019-11-11,2.7000000000000006
2019-11-12,2.566666666666667
2019-11-13,4.733333333333333
2019-11-14,6.1000000000000005
2019-11-15,1.7666666666666666
2019-11-16,3.5
2019-11-17,4.3
2019-11-18,4.066666666666666
2019-11-19,3.6
2019-11-20,2.433333333333333
2019-11-21,0.8000000000000002
2019-11-22,-3.1
2019-11-23,-6.533333333333334
2019-11-24,-6.966666666666666
2019-11-25,-9.4
2019-11-26,-3.2000000000000006
2019-11-27,-2.0
2019-11-28,0.2
2019-11-29,1.6000000000000003
2019-11-30,-6.566666666666666
2019-12-01,-5.7
2019-12-02,-6.866666666666667
2019-12-03,-8.1
2019-12-04,-2.1
2019-12-05,4.533333333333333
2019-12-06,1.5
2019-12-07,0.2333333333333333
2019-12-08,1.6333333333333335
2019-12-09,4.066666666666666
2019-12-10,-2.766666666666666
2019-12-11,-6.033333333333334
2019-12-12,-5.133333333333334
2019-12-13,-2.1
2019-12-14,0.3999999999999999
2019-12-15,0.2333333333333333
2019-12-16,0.7333333333333334
2019-12-17,1.5333333333333332
2019-12-18,3.1666666666666665
2019-12-19,-1.6666666666666667
2019-12-20,-0.6333333333333333
2019-12-21,1.5
2019-12-22,2.9
2019-12-23,4.0
2019-12-24,3.533333333333333
2019-12-25,1.3666666666666665
2019-12-26,0.3
2019-12-27,-1.0
2019-12-28,-2.1
2019-12-29,-4.133333333333334
2019-12-30,1.2333333333333334
2019-12-31,-2.8333333333333335
2020-01-01,-3.1333333333333333
2020-01-02,4.133333333333333
2020-01-03,0.4666666666666666
2020-01-04,0.3
2020-01-05,-3.266666666666667
2020-01-06,-2.066666666666667
2020-01-07,0.7666666666666666
2020-01-08,1.6333333333333335
2020-01-09,2.1
2020-01-10,0.1333333333333333
2020-01-11,-3.533333333333333
2020-01-12,1.1666666666666667
2020-01-13,-1.0666666666666669
2020-01-14,-0.6
2020-01-15,3.1666666666666665
2020-01-16,5.199999999999999
2020-01-17,-1.7
2020-01-18,-2.566666666666667
2020-01-19,2.766666666666667
2020-01-20,1.5
2020-01-21,1.3333333333333333
2020-01-22,-1.4
2020-01-23,-2.9333333333333336
2020-01-24,0.9
2020-01-25,-2.6333333333333333
2020-01-26,-2.733333333333333
2020-01-27,3.1333333333333333
2020-01-28,0.1999999999999999
2020-01-29,0.1333333333333333
2020-01-30,-0.3333333333333333
2020-01-31,-0.0666666666666666
2020-02-01,0.5333333333333333
2020-02-02,1.7666666666666666
2020-02-03,-2.2
2020-02-04,-6.666666666666667
2020-02-05,-9.2
2020-02-06,-5.233333333333333
2020-02-07,-6.366666666666667
2020-02-08,-2.2
2020-02-09,0.6
2020-02-10,1.0666666666666669
2020-02-11,-0.4333333333333333
2020-02-12,-0.6666666666666666
2020-02-13,-0.5333333333333333
2020-02-14,-3.7999999999999994
2020-02-15,-4.1000000000000005
2020-02-16,1.5
2020-02-17,4.133333333333333
2020-02-18,3.0333333333333337
2020-02-19,2.8333333333333335
2020-02-20,-1.4
2020-02-21,-1.7
2020-02-22,1.6333333333333335
2020-02-23,0.2666666666666666
2020-02-24,-1.9333333333333331
2020-02-25,-4.733333333333333
2020-02-26,-0.6333333333333333
2020-02-27,-2.766666666666667
2020-02-28,-8.266666666666666
2020-02-29,-10.966666666666669
2020-03-01,-2.6333333333333333
2020-03-02,-1.2333333333333334
2020-03-03,0.4000000000000001
2020-03-04,1.8666666666666665
2020-03-05,-1.3
2020-03-06,-2.2
2020-03-07,-1.7333333333333334
2020-03-08,-3.0666666666666664
2020-03-09,-1.7666666666666668
2020-03-10,0.9333333333333332
2020-03-11,2.0666666666666664
2020-03-12,2.466666666666667
2020-03-13,-2.1999999999999997
2020-03-14,-4.466666666666667
2020-03-15,-7.266666666666667
2020-03-16,0.1333333333333333
2020-03-17,0.0666666666666666
2020-03-18,3.2999999999999994
2020-03-19,2.4
2020-03-20,-2.9
2020-03-21,-4.266666666666667
2020-03-22,-7.7
2020-03-23,-9.333333333333334
2020-03-24,-6.366666666666667
2020-03-25,-0.3333333333333333
2020-03-26,-3.6666666666666665
2020-03-27,-4.7
2020-03-28,-1.9666666666666668
2020-03-29,-6.2
2020-03-30,-8.5
2020-03-31,-9.366666666666667
2020-04-01,-0.9333333333333332
2020-04-02,-0.9666666666666668
2020-04-03,-1.0666666666666669
2020-04-04,-2.6333333333333333
2020-04-05,-3.966666666666667
2020-04-06,-1.4333333333333331
2020-04-07,-0.4333333333333333
2020-04-08,2.733333333333333
2020-04-09,0.1666666666666666
2020-04-10,-2.733333333333333
2020-04-11,-2.3000000000000003
2020-04-12,-3.6333333333333337
2020-04-13,-1.9333333333333336
2020-04-14,-2.1
2020-04-15,-0.1666666666666666
2020-04-16,0.4000000000000001
2020-04-17,0.2
2020-04-18,1.3999999999999997
2020-04-19,1.1333333333333335
2020-04-20,-0.1
2020-04-21,0.4666666666666666
2020-04-22,-2.033333333333333
2020-04-23,-2.2333333333333334
2020-04-24,-0.1999999999999999
2020-04-25,-3.533333333333333
2020-04-26,-4.0
2020-04-27,-3.2999999999999994
2020-04-28,-3.3666666666666667
2020-04-29,-2.733333333333333
2020-04-30,-3.266666666666667
2020-05-01,-2.2666666666666666
2020-05-02,5.333333333333333
2020-05-03,5.033333333333333
2020-05-04,2.8666666666666667
2020-05-05,1.0333333333333334
2020-05-06,3.5666666666666664
2020-05-07,0.8333333333333334
2020-05-08,0.2666666666666666
2020-05-09,2.1
2020-05-10,-0.8000000000000002
2020-05-11,1.5
2020-05-12,-1.7333333333333334
2020-05-13,-2.433333333333333
2020-05-14,-1.6
2020-05-15,-1.4666666666666668
2020-05-16,2.1333333333333333
2020-05-17,0.4666666666666666
2020-05-18,-0.3
2020-05-19,-1.3999999999999997
2020-05-20,-0.3999999999999999
2020-05-21,3.4
2020-05-22,0.5333333333333333
2020-05-23,-1.1666666666666667
2020-05-24,2.966666666666667
2020-05-25,3.0666666666666664
2020-05-26,1.6000000000000003
2020-05-27,2.8333333333333335
2020-05-28,3.1333333333333333
2020-05-29,2.3
2020-05-30,2.4333333333333336
2020-05-31,5.133333333333333
2020-06-01,1.8333333333333333
2020-06-02,4.733333333333333
2020-06-03,5.766666666666667
2020-06-04,10.633333333333333
2020-06-05,10.3
2020-06-06,8.566666666666666
2020-06-07,9.766666666666666
2020-06-08,13.9
2020-06-09,14.699999999999998
2020-06-10,15.300000000000002
2020-06-11,14.9
2020-06-12,12.8
2020-06-13,10.133333333333333
2020-06-14,9.933333333333335
2020-06-15,16.433333333333334
2020-06-16,14.1
2020-06-17,14.166666666666666
2020-06-18,16.8
2020-06-19,16.1
2020-06-20,13.266666666666667
2020-06-21,10.166666666666666
2020-06-22,9.9
2020-06-23,10.0
2020-06-24,10.366666666666667
2020-06-25,12.2
2020-06-26,12.566666666666668
2020-06-27,14.199999999999998
2020-06-28,16.333333333333336
2020-06-29,14.199999999999998
2020-06-30,12.133333333333333
2020-07-01,11.566666666666668
2020-07-02,10.433333333333334
2020-07-03,12.1
2020-07-04,13.1
2020-07-05,14.866666666666667
2020-07-06,13.466666666666669
2020-07-07,9.833333333333334
2020-07-08,9.133333333333333
2020-07-09,6.7
2020-07-10,6.566666666666666
2020-07-11,13.366666666666667
2020-07-13,7.5
2020-07-14,6.166666666666667
2020-07-15,5.0
2020-07-16,8.933333333333332
2020-07-17,7.8
2020-07-18,8.633333333333333
2020-07-19,12.0
2020-07-20,11.9
2020-07-21,11.333333333333334
2020-07-22,7.833333333333333
2020-07-23,6.333333333333333
2020-07-24,5.333333333333333
2020-07-25,8.733333333333333
2020-07-26,6.933333333333333
2020-07-27,8.6
2020-07-28,13.633333333333333
2020-07-29,9.966666666666669
2020-07-30,10.133333333333333
2020-07-31,10.433333333333334
2020-08-01,7.233333333333333
2020-08-02,6.8
2020-08-03,10.733333333333334
2020-08-04,14.4
2020-08-05,12.0
2020-08-06,12.033333333333331
2020-08-07,13.699999999999998
2020-08-08,13.699999999999998
2020-08-09,12.4
2020-08-10,9.666666666666666
2020-08-11,9.1
2020-08-12,10.5
2020-08-13,9.433333333333335
2020-08-14,8.333333333333334
2020-08-15,9.666666666666666
2020-08-16,12.433333333333332
2020-08-17,6.866666666666667
2020-08-18,5.900000000000001
2020-08-19,6.400000000000001
2020-08-20,7.2
2020-08-21,11.366666666666667
2020-08-22,10.333333333333334
2020-08-23,13.033333333333331
2020-08-24,10.7
2020-08-25,9.933333333333332
2020-08-26,8.533333333333333
2020-08-27,7.833333333333333
2020-08-28,6.5
2020-08-29,4.633333333333334
2020-08-30,11.4
2020-08-31,9.733333333333334
2020-09-01,11.7
2020-09-02,11.866666666666667
2020-09-03,11.0
2020-09-04,9.3
2020-09-05,11.066666666666668
2020-09-06,10.066666666666668
2020-09-07,8.0
2020-09-08,7.033333333333334
2020-09-09,9.6
2020-09-10,10.8
2020-09-11,6.166666666666667
2020-09-12,6.533333333333334
2020-09-13,9.333333333333334
2020-09-14,10.699999999999998
2020-09-15,11.066666666666668
2020-09-16,12.233333333333334
2020-09-17,7.433333333333334
2020-09-18,7.333333333333333
2020-09-19,4.933333333333333
2020-09-20,2.6666666666666665
2020-09-21,7.633333333333333
2020-09-22,6.133333333333333
2020-09-23,5.333333333333333
2020-09-24,9.866666666666667
2020-09-25,9.433333333333334
2020-09-26,10.800000000000002
2020-09-27,9.933333333333332
2020-09-28,9.0
2020-09-29,12.199999999999998
2020-09-30,7.433333333333333
2020-10-01,4.033333333333333
2020-10-02,5.7
2020-10-03,7.466666666666666
2020-10-04,11.5
2020-10-05,11.333333333333334
2020-10-06,8.333333333333334
2020-10-07,8.966666666666667
2020-10-08,8.533333333333333
2020-10-09,8.133333333333335
2020-10-10,5.766666666666667
2020-10-11,9.2
2020-10-12,7.0
2020-10-13,-0.6999999999999998
2020-10-14,-0.8000000000000002
2020-10-15,0.8333333333333334
2020-10-16,-0.2333333333333333
2020-10-17,-0.8333333333333334
2020-10-18,0.0333333333333333
2020-10-19,-0.6999999999999998
2020-10-20,-2.3666666666666667
2020-10-21,0.5
2020-10-22,6.733333333333333
2020-10-23,5.1
2020-10-24,3.9
2020-10-25,4.666666666666667
2020-10-26,4.666666666666667
2020-10-27,9.866666666666667
2020-10-28,3.6333333333333337
2020-10-29,4.8999999999999995
2020-10-30,6.166666666666667
2020-10-31,1.8666666666666665
2020-11-01,1.4666666666666668
2020-11-02,1.1333333333333335
2020-11-03,3.5
2020-11-04,3.1333333333333333
2020-11-05,4.133333333333333
2020-11-06,4.966666666666667
2020-11-07,3.9666666666666663
2020-11-08,-2.3333333333333335
2020-11-09,-3.033333333333333
2020-11-10,-1.9666666666666668
2020-11-11,-0.0333333333333333
2020-11-12,-1.6666666666666667
2020-11-13,-2.2333333333333334
2020-11-14,0.3
2020-11-15,0.4000000000000001
2020-11-16,0.9
2020-11-17,0.9
2020-11-18,2.1
2020-11-19,4.7
2020-11-20,-1.8999999999999997
2020-11-21,-3.233333333333333
2020-11-22,0.4333333333333333
2020-11-23,1.9666666666666663
2020-11-24,0.4333333333333333
2020-11-25,1.6
2020-11-26,3.8666666666666663
2020-11-27,0.1333333333333333
2020-11-28,1.0333333333333334
2020-11-29,-0.6
2020-11-30,-0.2666666666666666
2020-12-01,-0.5
2020-12-02,-2.1
2020-12-03,-2.0
2020-12-04,-0.8666666666666667
2020-12-05,1.7666666666666666
2020-12-06,-2.1333333333333333
2020-12-07,-5.533333333333334
2020-12-08,-7.166666666666667
2020-12-09,-6.3
2020-12-10,-6.866666666666667
2020-12-11,-5.0
2020-12-12,-5.933333333333334
2020-12-13,-5.866666666666667
2020-12-14,-2.7999999999999994
2020-12-15,-1.6333333333333335
2020-12-16,-0.6
2020-12-17,1.1666666666666667
2020-12-18,0.1
2020-12-19,1.5
2020-12-20,0.3
2020-12-21,0.0
2020-12-22,0.2
2020-12-23,-1.3
2020-12-24,0.0
2020-12-25,-2.2666666666666666
2020-12-26,-4.666666666666667
2020-12-27,-5.2
2020-12-28,-4.0
2020-12-29,-1.1
2020-12-30,0.1
2020-12-31,0.1
2021-01-01,-0.6999999999999998
2021-01-02,-0.1666666666666666
2021-01-03,-1.5
2021-01-04,-1.8
2021-01-05,-2.1
2021-01-06,-2.0
2021-01-07,-3.233333333333333
2021-01-08,-5.866666666666667
2021-01-09,-11.800000000000002
2021-01-10,-14.733333333333334
2021-01-11,-7.7
2021-01-12,-3.7000000000000006
2021-01-13,-8.933333333333334
2021-01-14,-15.733333333333334
2021-01-15,-17.533333333333335
2021-01-16,-22.96666666666667
2021-01-17,-18.866666666666667
2021-01-18,-8.233333333333334
2021-01-19,-8.266666666666667
2021-01-20,-13.5
2021-01-21,-9.2
2021-01-22,-2.566666666666667
2021-01-23,-1.7333333333333334
2021-01-24,0.4333333333333333
2021-01-25,-0.5
2021-01-26,-0.0666666666666666
2021-01-27,0.1
2021-01-28,-2.0
2021-01-29,-1.9333333333333331
2021-01-30,-4.9
2021-01-31,-7.166666666666667
2021-02-01,-7.266666666666667
2021-02-02,-7.366666666666667
2021-02-03,-6.766666666666667
2021-02-04,-15.199999999999998
2021-02-05,-20.066666666666663
2021-02-06,-22.233333333333334
2021-02-07,-19.1
2021-02-08,-20.166666666666668
2021-02-09,-20.433333333333337
2021-02-10,-23.6
2021-02-11,-16.833333333333332
2021-02-12,-14.3
2021-02-13,-16.3
2021-02-14,-9.566666666666666
2021-02-15,-13.366666666666667
2021-02-16,-11.3
2021-02-17,-23.633333333333336
2021-02-18,-27.9
2021-02-19,-19.566666666666663
2021-02-20,-11.933333333333332
2021-02-21,-2.033333333333333
2021-02-22,-7.233333333333333
2021-02-23,-9.0
2021-02-24,-0.9
2021-02-25,2.766666666666667
2021-02-26,1.7666666666666666
2021-02-27,-2.3666666666666667
2021-02-28,-2.033333333333333
2021-03-01,-2.1999999999999997
2021-03-02,-1.9666666666666668
2021-03-03,-2.8333333333333335
2021-03-04,-5.033333333333333
2021-03-05,-10.866666666666667
2021-03-06,-12.5
2021-03-07,-7.8
2021-03-08,-16.433333333333334
2021-03-09,-18.133333333333336
2021-03-10,-12.766666666666666
2021-03-11,-9.233333333333333
2021-03-12,-3.466666666666667
2021-03-13,0.5
2021-03-14,0.2666666666666666
2021-03-15,-3.4333333333333336
2021-03-16,-3.866666666666667
2021-03-17,-3.4333333333333336
2021-03-18,-4.666666666666667
2021-03-19,-12.8
2021-03-20,-14.199999999999998
2021-03-21,-1.8666666666666665
2021-03-22,-9.666666666666666
2021-03-23,-11.266666666666666
2021-03-24,-1.6666666666666667
2021-03-25,1.7666666666666666
2021-03-26,-2.4
2021-03-27,-2.1666666666666665
2021-03-28,-1.7333333333333334
2021-03-29,-2.4
2021-03-30,5.333333333333333
2021-03-31,3.6
2021-04-01,-1.6666666666666667
2021-04-02,-2.4
2021-04-03,-1.9333333333333331
2021-04-04,-2.7999999999999994
2021-04-05,-0.7333333333333334
2021-04-06,-2.6666666666666665
2021-04-07,-3.7000000000000006
2021-04-08,-4.966666666666667
2021-04-09,-3.2000000000000006
2021-04-10,-3.0666666666666664
2021-04-11,-4.0
2021-04-12,3.033333333333333
2021-04-13,3.7000000000000006
2021-04-14,0.9
2021-04-15,-0.4666666666666666
2021-04-16,2.6999999999999997
2021-04-17,1.4333333333333331
2021-04-18,4.433333333333334
2021-04-19,1.2
2021-04-20,-0.9666666666666668
2021-04-21,0.5333333333333333
2021-04-22,0.3666666666666667
2021-04-23,-0.6
2021-04-24,0.6
2021-04-25,0.0333333333333333
2021-04-26,1.0666666666666669
2021-04-27,1.5666666666666669
2021-04-28,-1.5
2021-04-29,-1.7333333333333334
2021-04-30,-2.3666666666666667
2021-05-01,-2.533333333333333
2021-05-02,-1.8666666666666665
2021-05-03,0.4666666666666666
2021-05-04,-2.2666666666666666
2021-05-05,-2.4
2021-05-06,4.8
2021-05-07,4.066666666666666
2021-05-08,-1.1
2021-05-09,-1.3333333333333333
2021-05-10,6.666666666666667
2021-05-11,8.633333333333333
2021-05-12,6.766666666666667
2021-05-13,9.433333333333334
2021-05-14,8.433333333333334
2021-05-15,10.533333333333331
2021-05-16,9.3
2021-05-17,10.766666666666666
2021-05-18,12.133333333333333
2021-05-19,8.033333333333333
2021-05-20,6.033333333333334
2021-05-21,2.733333333333333
2021-05-22,2.5
2021-05-23,6.566666666666666
2021-05-24,4.6000000000000005
2021-05-25,3.1333333333333333
2021-05-26,5.066666666666666
2021-05-27,4.633333333333333
2021-05-28,4.266666666666667
2021-05-29,4.133333333333333
2021-05-30,1.7666666666666666
2021-05-31,0.9666666666666668
2021-06-01,6.2
2021-06-02,4.433333333333334
2021-06-03,6.8
2021-06-04,8.5
2021-06-05,8.466666666666667
2021-06-06,10.466666666666669
2021-06-07,9.233333333333333
2021-06-08,11.0
2021-06-09,9.533333333333331
2021-06-10,8.6
2021-06-11,8.433333333333334
2021-06-12,11.133333333333333
2021-06-13,9.633333333333333
2021-06-14,7.333333333333333
2021-06-15,8.166666666666666
2021-06-16,6.5
2021-06-17,7.033333333333334
2021-06-18,11.0
2021-06-19,13.6
2021-06-20,15.233333333333334
2021-06-21,17.6
2021-06-22,17.5
2021-06-23,18.333333333333332
2021-06-24,17.566666666666666
2021-06-25,17.900000000000002
2021-06-28,15.433333333333332
2021-06-29,11.466666666666669
2021-06-30,10.9
2021-07-01,11.9
2021-07-02,12.6
2021-07-03,11.1
2021-07-04,11.333333333333334
2021-07-05,13.666666666666666
2021-07-06,14.1
2021-07-07,16.733333333333334
2021-07-08,17.4
2021-07-09,19.033333333333335
2021-07-10,17.466666666666665
2021-07-11,16.033333333333335
2021-07-12,14.766666666666666
2021-07-13,17.2
2021-07-14,16.6
2021-07-15,17.233333333333334
2021-07-16,18.9
2021-07-17,14.8
2021-07-18,13.9
2021-07-19,10.066666666666666
2021-07-20,8.633333333333333
2021-07-21,7.400000000000001
2021-07-22,7.0
2021-07-23,8.066666666666666
2021-07-24,6.8
2021-07-25,7.833333333333333
2021-07-26,10.766666666666666
2021-07-27,13.766666666666666
2021-07-28,15.6
2021-07-29,14.133333333333333
2021-07-30,13.466666666666669
2021-07-31,12.666666666666666
2021-08-01,13.4
2021-08-02,12.933333333333332
2021-08-03,7.8
2021-08-04,6.599999999999999
2021-08-05,5.900000000000001
2021-08-06,5.400000000000001
2021-08-07,14.066666666666668
2021-08-08,14.666666666666666
2021-08-09,10.933333333333332
2021-08-10,10.9
2021-08-11,11.433333333333332
2021-08-12,12.300000000000002
2021-08-13,12.633333333333333
2021-08-14,12.533333333333331
2021-08-15,11.199999999999998
2021-08-16,10.333333333333334
2021-08-17,13.233333333333334
2021-08-18,13.066666666666668
2021-08-19,10.233333333333333
2021-08-20,9.733333333333333
2021-08-21,9.5
2021-08-22,7.7
2021-08-23,7.966666666666666
2021-08-24,5.933333333333334
2021-08-25,8.1
2021-08-26,10.3
2021-08-27,13.5
2021-08-28,13.800000000000002
2021-08-29,13.800000000000002
2021-08-30,13.1
2021-08-31,11.066666666666668
2021-09-01,6.833333333333333
2021-09-02,5.433333333333334
2021-09-03,4.6000000000000005
2021-09-04,3.6666666666666665
2021-09-05,3.1999999999999997
2021-09-06,3.6333333333333337
2021-09-07,9.833333333333334
2021-09-08,11.733333333333334
2021-09-09,11.2
2021-09-10,12.366666666666667
2021-09-11,9.733333333333333
2021-09-12,9.766666666666667
2021-09-13,7.033333333333334
2021-09-14,3.9333333333333336
2021-09-15,1.7
2021-09-16,4.766666666666667
2021-09-17,5.766666666666667
2021-09-18,4.533333333333333
2021-09-19,3.6333333333333337
2021-09-20,4.3999999999999995
2021-09-21,4.766666666666667
2021-09-22,1.3
2021-09-23,-0.1666666666666666
2021-09-24,5.8
2021-09-25,7.333333333333333
2021-09-26,1.6333333333333335
2021-09-27,1.5
2021-09-28,0.2
2021-09-29,5.933333333333334
2021-09-30,4.066666666666666
2021-10-01,2.5
2021-10-02,1.9666666666666668
2021-10-03,4.066666666666666
2021-10-04,4.8999999999999995
2021-10-05,6.2
2021-10-06,4.766666666666667
2021-10-07,1.4
2021-10-08,-0.0666666666666666
2021-10-09,0.8000000000000002
2021-10-10,4.533333333333334
2021-10-11,0.2333333333333333
2021-10-12,-1.0666666666666669
2021-10-13,1.5666666666666669
2021-10-14,0.7666666666666666
2021-10-15,0.5
2021-10-16,2.2
2021-10-17,-0.7666666666666666
2021-10-18,-1.0666666666666669
2021-10-19,-3.0
2021-10-20,0.6
2021-10-21,8.833333333333334
2021-10-22,1.7333333333333334
2021-10-23,0.0
2021-10-24,-1.8333333333333333
2021-10-25,0.9666666666666668
2021-10-26,0.9666666666666668
2021-10-27,6.0
2021-10-28,7.433333333333334
2021-10-29,4.8
2021-10-30,1.8
2021-10-31,1.3
2021-11-01,1.7
2021-11-02,0.9666666666666668
2021-11-03,5.7
2021-11-04,5.900000000000001
2021-11-05,5.2
2021-11-06,0.0666666666666666
2021-11-07,-0.2666666666666666
2021-11-08,0.0333333333333333
2021-11-09,-3.4333333333333336
2021-11-10,1.1333333333333335
2021-11-11,4.5
2021-11-12,4.566666666666666
2021-11-13,1.3333333333333333
2021-11-14,-3.3666666666666667
2021-11-15,-3.3333333333333335
2021-11-16,-2.2666666666666666
2021-11-17,1.1
2021-11-18,-1.1
2021-11-19,-0.8666666666666667
2021-11-20,0.7333333333333334
2021-11-21,-2.5
2021-11-22,-5.366666666666667
2021-11-23,-4.733333333333333
2021-11-24,-2.466666666666667
2021-11-25,0.8666666666666667
2021-11-26,-0.2666666666666666
2021-11-27,-3.1666666666666665
2021-11-28,-3.5666666666666664
2021-11-29,-5.3
2021-11-30,-7.2
2021-12-01,-10.966666666666669
2021-12-02,-11.133333333333333
2021-12-03,-6.0
2021-12-04,-12.4
2021-12-05,-17.566666666666666
2021-12-06,-25.7
2021-12-07,-26.766666666666666
2021-12-08,-21.233333333333334
2021-12-09,-22.633333333333336
2021-12-10,-20.46666666666667
2021-12-11,-2.1
2021-12-12,0.0
2021-12-13,-0.9
2021-12-14,-0.9333333333333332
2021-12-15,0.1333333333333333
2021-12-16,1.4
2021-12-17,0.0
2021-12-18,0.0
2021-12-19,-4.6000000000000005
2021-12-20,-10.633333333333333
2021-12-21,-13.266666666666666
2021-12-22,-9.5
2021-12-23,-12.933333333333332
2021-12-24,-12.800000000000002
2021-12-25,-16.5
2021-12-26,-14.166666666666666
2021-12-27,-11.533333333333331
2021-12-28,-8.933333333333334
2021-12-29,-9.766666666666666
2021-12-30,-12.2
2021-12-31,-4.433333333333334
2022-01-01,-12.166666666666666
2022-01-02,-13.7
2022-01-03,-4.9
2022-01-04,-2.2333333333333334
2022-01-05,-0.2333333333333333
2022-01-06,-9.7
2022-01-07,-12.733333333333334
2022-01-08,-14.6
2022-01-09,-4.133333333333333
2022-01-10,-14.233333333333334
2022-01-11,-23.333333333333332
2022-01-12,-23.233333333333334
2022-01-13,-3.466666666666667
2022-01-14,0.0
2022-01-15,-4.766666666666667
2022-01-16,-5.7
2022-01-17,-2.966666666666667
2022-01-18,-7.866666666666667
2022-01-19,-1.5
2022-01-20,-2.1
2022-01-21,-3.3666666666666667
2022-01-22,-5.633333333333333
2022-01-23,-4.133333333333334
2022-01-24,-2.533333333333333
2022-01-25,-10.266666666666667
2022-01-26,-11.6
2022-01-27,-3.7000000000000006
2022-01-28,-1.6000000000000003
2022-01-29,-3.7
2022-01-30,-1.6666666666666667
2022-01-31,-3.5
2022-02-01,-7.400000000000001
2022-02-02,-9.333333333333334
2022-02-03,-12.466666666666669
2022-02-04,-16.133333333333333
2022-02-05,-6.2
2022-02-06,-3.1666666666666665
2022-02-07,-0.6666666666666666
2022-02-08,-0.9333333333333332
2022-02-09,-0.5
2022-02-10,-0.0333333333333333
2022-02-11,-2.2666666666666666
2022-02-12,-4.7
2022-02-13,0.4666666666666666
2022-02-14,-0.0666666666666666
2022-02-15,-0.6333333333333333
2022-02-16,-0.4666666666666666
2022-02-17,0.4000000000000001
2022-02-18,-0.1333333333333333
2022-02-19,-0.8333333333333334
2022-02-20,-2.2
2022-02-21,-2.766666666666667
2022-02-22,-2.7000000000000006
2022-02-23,-6.466666666666666
2022-02-24,-6.966666666666666
2022-02-25,-0.1666666666666666
2022-02-26,-6.166666666666667
2022-02-27,-9.033333333333331
2022-02-28,-5.866666666666667
2022-03-01,-6.233333333333333
2022-03-02,-6.3999999999999995
2022-03-03,-1.0
2022-03-04,-9.133333333333333
2022-03-05,-11.466666666666669
2022-03-06,-7.5
2022-03-07,-8.833333333333334
2022-03-08,-11.300000000000002
2022-03-09,-12.433333333333332
2022-03-10,-16.033333333333335
2022-03-11,-10.0
2022-03-12,-4.3
2022-03-13,-5.366666666666667
2022-03-14,-4.666666666666667
2022-03-15,-6.666666666666667
2022-03-16,-6.066666666666666
2022-03-17,-6.0
2022-03-18,-6.066666666666666
2022-03-19,-3.5666666666666664
2022-03-20,-3.6
2022-03-21,-3.6666666666666665
2022-03-22,-3.7000000000000006
2022-03-23,-3.0
2022-03-24,-2.8333333333333335
2022-03-25,0.0
2022-03-26,-2.433333333333333
2022-03-27,-3.7
2022-03-28,-1.9666666666666668
2022-03-29,-9.7
2022-03-30,-10.166666666666666
2022-03-31,-8.9
2022-04-01,-8.9
2022-04-02,-6.6000000000000005
2022-04-03,-9.066666666666666
2022-04-04,-4.233333333333333
2022-04-05,-4.0
2022-04-06,-4.6000000000000005
2022-04-07,0.0
2022-04-08,-0.4666666666666666
2022-04-09,-1.7
2022-04-10,-1.8999999999999997
2022-04-11,-1.6
2022-04-12,-3.4333333333333336
2022-04-13,-3.466666666666667
2022-04-14,-0.3666666666666667
2022-04-15,2.2666666666666666
2022-04-16,-3.1
2022-04-17,-4.066666666666666
2022-04-18,-3.7
2022-04-19,-2.2333333333333334
2022-04-20,0.5
2022-04-21,2.6999999999999997
2022-04-22,0.7333333333333334
2022-04-23,0.1
2022-04-24,3.033333333333333
2022-04-25,4.6
2022-04-26,-0.8333333333333334
2022-04-27,-4.633333333333333
2022-04-28,-4.833333333333333
2022-04-29,-2.2666666666666666
2022-04-30,-3.1
2022-05-01,-1.1666666666666667
2022-05-02,-0.2333333333333333
2022-05-03,0.3
2022-05-04,-2.7999999999999994
2022-05-05,-2.8000000000000003
2022-05-06,4.433333333333334
2022-05-07,4.7
2022-05-08,0.0333333333333333
2022-05-09,-1.3999999999999997
2022-05-10,-0.9
2022-05-11,3.466666666666667
2022-05-12,5.933333333333334
2022-05-13,3.8
2022-05-14,2.766666666666667
2022-05-15,5.8999999999999995
2022-05-16,4.066666666666666
2022-05-17,4.8999999999999995
2022-05-18,2.8666666666666667
2022-05-19,7.066666666666666
2022-05-20,6.533333333333334
2022-05-21,6.866666666666667
2022-05-22,0.3999999999999999
2022-05-23,-0.9666666666666668
2022-05-24,1.7
2022-05-25,5.3
2022-05-26,7.233333333333333
2022-05-27,5.933333333333334
2022-05-28,4.6000000000000005
2022-05-29,4.433333333333334
2022-05-30,3.3333333333333335
2022-05-31,6.6000000000000005
2022-06-01,5.766666666666667
2022-06-02,6.7
2022-06-03,6.0
2022-06-04,8.266666666666666
2022-06-05,8.4
2022-06-06,5.666666666666667
2022-06-07,4.8
2022-06-08,14.333333333333334
2022-06-09,10.966666666666669
2022-06-10,9.533333333333331
2022-06-11,11.833333333333334
2022-06-12,11.033333333333331
2022-06-13,8.200000000000001
2022-06-14,7.266666666666667
2022-06-15,10.066666666666666
2022-06-16,8.700000000000001
2022-06-17,7.533333333333334
2022-06-18,7.466666666666666
2022-06-19,7.533333333333334
2022-06-20,6.966666666666666
2022-06-21,7.933333333333334
2022-06-22,6.7
2022-06-23,6.7
2022-06-24,9.466666666666669
2022-06-25,12.033333333333331
2022-06-26,14.533333333333331
2022-06-27,16.9
2022-06-28,17.533333333333335
2022-06-29,15.533333333333331
2022-06-30,13.866666666666667
2022-07-01,12.166666666666666
2022-07-02,14.566666666666668
2022-07-03,12.266666666666666
2022-07-04,10.800000000000002
2022-07-05,10.366666666666667
2022-07-06,9.366666666666667
2022-07-07,9.166666666666666
2022-07-08,9.4
2022-07-09,11.266666666666666
2022-07-10,9.933333333333334
2022-07-11,8.866666666666667
2022-07-12,13.933333333333332
2022-07-13,11.733333333333334
2022-07-14,9.2
2022-07-15,8.9
2022-07-16,7.8
2022-07-17,6.900000000000001
2022-07-18,9.166666666666666
2022-07-19,10.066666666666666
2022-07-20,10.433333333333334
2022-07-21,11.733333333333334
2022-07-22,11.199999999999998
2022-07-23,13.166666666666666
2022-07-24,12.966666666666669
2022-07-25,12.333333333333334
2022-07-26,12.133333333333333
2022-07-27,9.9
2022-07-28,11.3
2022-07-29,8.633333333333333
2022-07-30,7.900000000000001
2022-07-31,6.766666666666667
2022-08-01,13.6
2022-08-02,12.766666666666666
2022-08-03,11.033333333333331
2022-08-04,9.433333333333334
2022-08-05,11.233333333333334
2022-08-06,10.1
2022-08-07,8.5
2022-08-08,11.133333333333333
2022-08-09,9.233333333333334
2022-08-10,7.733333333333333
2022-08-11,8.0
2022-08-12,10.366666666666667
2022-08-13,10.2
2022-08-14,11.9
2022-08-15,13.199999999999998
2022-08-16,15.5
2022-08-17,15.366666666666667
2022-08-18,14.300000000000002
2022-08-19,15.333333333333334
2022-08-20,14.633333333333333
2022-08-21,14.233333333333334
2022-08-22,13.7
2022-08-23,16.466666666666665
2022-08-24,16.066666666666666
2022-08-25,16.366666666666664
2022-08-26,13.9
2022-08-27,12.4
2022-08-28,13.7
2022-08-29,12.466666666666669
2022-08-30,11.5
2022-08-31,7.4
2022-09-01,4.1
2022-09-02,1.2333333333333334
2022-09-03,1.2333333333333334
2022-09-04,0.5333333333333333
2022-09-05,6.733333333333333
2022-09-06,4.3
2022-09-07,1.2333333333333334
2022-09-08,-0.6
2022-09-09,-1.6000000000000003
2022-09-10,1.1666666666666667
2022-09-11,0.5
2022-09-12,4.833333333333333
2022-09-13,4.233333333333333
2022-09-14,9.4
2022-09-15,9.033333333333331
2022-09-16,8.333333333333334
2022-09-17,8.4
2022-09-18,6.8
2022-09-19,6.333333333333333
2022-09-20,5.533333333333334
2022-09-21,4.666666666666667
2022-09-22,5.666666666666667
2022-09-23,3.966666666666667
2022-09-24,2.4
2022-09-25,4.433333333333334
2022-09-26,1.8333333333333333
2022-09-27,1.8333333333333333
2022-09-28,0.8666666666666667
2022-09-29,6.3
2022-09-30,1.8
2022-10-01,-0.2
2022-10-02,3.3000000000000003
2022-10-03,6.166666666666667
2022-10-04,6.366666666666667
2022-10-05,2.2333333333333334
2022-10-06,9.7
2022-10-07,6.933333333333334
2022-10-08,5.833333333333333
2022-10-09,1.0666666666666669
2022-10-10,2.1666666666666665
2022-10-11,1.6333333333333335
2022-10-12,-0.7333333333333334
2022-10-13,-1.6666666666666667
2022-10-14,5.766666666666667
2022-10-15,3.766666666666667
2022-10-16,5.6000000000000005
2022-10-17,7.900000000000001
2022-10-18,5.8
2022-10-19,-1.5
2022-10-20,-1.8333333333333333
2022-10-21,0.9
2022-10-22,-0.4333333333333333
2022-10-23,-1.3666666666666665
2022-10-24,-2.0
2022-10-25,2.8666666666666667
2022-10-26,7.566666666666666
2022-10-27,7.6
2022-10-28,9.3
2022-10-29,6.866666666666667
2022-10-30,0.7000000000000001
2022-10-31,-0.1666666666666666
2022-11-01,4.1000000000000005
2022-11-02,5.166666666666667
2022-11-03,4.766666666666667
2022-11-04,0.0666666666666666
2022-11-05,-1.5666666666666669
2022-11-06,1.0
2022-11-07,2.8333333333333335
2022-11-08,4.8999999999999995
2022-11-09,7.033333333333334
2022-11-10,7.9
2022-11-11,6.099999999999999
2022-11-12,6.966666666666666
2022-11-13,-0.8666666666666667
2022-11-14,1.1333333333333335
2022-11-15,0.3333333333333333
2022-11-16,-1.1666666666666667
2022-11-17,-1.8
2022-11-18,-4.4
2022-11-19,-5.3
2022-11-20,-8.966666666666667
2022-11-21,-6.1000000000000005
2022-11-22,-5.0
2022-11-23,-4.5
2022-11-24,-3.766666666666667
2022-11-25,-4.266666666666667
2022-11-26,-5.233333333333333
2022-11-27,-5.266666666666667
2022-11-28,-2.7000000000000006
2022-11-29,-1.8333333333333333
2022-11-30,-3.5
2022-12-01,-13.5
2022-12-02,-16.533333333333335
2022-12-03,-14.4
2022-12-04,-4.8
2022-12-05,-6.633333333333333
2022-12-06,-6.7
2022-12-07,-5.233333333333333
2022-12-08,-4.8
2022-12-09,-5.0
2022-12-10,-11.366666666666667
2022-12-11,-8.333333333333334
2022-12-12,-6.7
2022-12-13,-7.566666666666666
2022-12-14,-10.266666666666667
2022-12-15,-16.633333333333333
2022-12-16,-10.166666666666666
2022-12-17,-8.533333333333333
2022-12-18,-12.666666666666666
2022-12-19,-9.9
2022-12-20,-9.833333333333334
2022-12-21,-1.9666666666666668
2022-12-22,0.6333333333333333
2022-12-23,0.0
2022-12-24,-8.0
2022-12-25,-11.433333333333332
2022-12-26,-9.4
2022-12-27,-7.2
2022-12-28,-5.6000000000000005
2022-12-29,-2.1999999999999997
2022-12-30,0.2
2022-12-31,-0.1999999999999999
2023-01-01,-1.5333333333333332
2023-01-02,-4.533333333333333
2023-01-03,-1.1666666666666667
2023-01-04,-5.8999999999999995
2023-01-05,-16.400000000000002
2023-01-06,-21.96666666666667
2023-01-07,-22.100000000000005
2023-01-08,-16.733333333333334
2023-01-09,-7.8
2023-01-10,-6.166666666666667
2023-01-11,-2.6
2023-01-12,-2.6
2023-01-13,0.1666666666666666
2023-01-14,1.0666666666666669
2023-01-15,0.5
2023-01-16,-1.8333333333333333
2023-01-17,-0.1333333333333333
2023-01-18,0.1
2023-01-19,-0.7000000000000001
2023-01-20,-4.866666666666667
2023-01-21,-6.933333333333334
2023-01-22,-7.7
2023-01-23,-5.566666666666666
2023-01-24,-3.766666666666667
2023-01-25,-1.2
2023-01-26,0.1
2023-01-27,-2.9
2023-01-28,-4.433333333333334
2023-01-29,-2.1999999999999997
2023-01-30,0.2
2023-01-31,-1.3999999999999997
2023-02-01,-0.8000000000000002
2023-02-02,-0.5
2023-02-03,-4.433333333333334
2023-02-04,-5.433333333333334
2023-02-05,-9.1
2023-02-06,-2.033333333333333
2023-02-07,-3.266666666666667
2023-02-08,-2.1666666666666665
2023-02-09,-3.0666666666666664
2023-02-10,-3.6666666666666665
2023-02-11,-7.066666666666666
2023-02-12,-9.066666666666666
2023-02-13,0.1999999999999999
2023-02-14,-1.3666666666666665
2023-02-15,-0.5
2023-02-16,-0.4666666666666666
2023-02-17,-0.7666666666666666
2023-02-18,-1.8
2023-02-19,-3.8
2023-02-20,-4.3
2023-02-21,-18.733333333333334
2023-02-22,-21.266666666666666
2023-02-23,-20.666666666666668
2023-02-24,-6.433333333333334
2023-02-25,-3.4
2023-02-26,-6.233333333333333
2023-02-27,-8.266666666666666
2023-02-28,-3.1666666666666665
2023-03-01,-4.066666666666666
2023-03-02,-0.9333333333333332
2023-03-03,0.0
2023-03-04,-1.7666666666666666
2023-03-05,-5.766666666666667
2023-03-06,-8.733333333333333
2023-03-07,-11.866666666666667
2023-03-08,-3.766666666666667
2023-03-09,-18.733333333333334
2023-03-10,-21.333333333333332
2023-03-11,-14.4
2023-03-12,-7.333333333333333
2023-03-13,-7.366666666666667
2023-03-14,0.3666666666666667
2023-03-15,-3.766666666666667
2023-03-16,-6.7
2023-03-17,-7.633333333333333
2023-03-18,-0.1
2023-03-19,1.0333333333333334
2023-03-20,0.9333333333333332
2023-03-21,-2.733333333333333
2023-03-22,-2.8333333333333335
2023-03-23,2.566666666666667
2023-03-24,3.1
2023-03-25,1.0666666666666669
2023-03-26,1.5
2023-03-27,-3.966666666666667
2023-03-28,-4.666666666666667
2023-03-29,-7.3
2023-03-30,-7.966666666666666
2023-03-31,-0.6666666666666666
2023-04-01,-0.5333333333333333
2023-04-02,-2.9
2023-04-03,-2.8333333333333335
2023-04-04,-1.3
2023-04-05,-0.4000000000000001
2023-04-06,-1.3333333333333333
2023-04-07,-2.8666666666666667
2023-04-08,-3.9333333333333336
2023-04-09,-3.6666666666666665
2023-04-10,-3.033333333333333
2023-04-11,-1.4
2023-04-12,0.0
2023-04-13,5.866666666666667
2023-04-14,3.7999999999999994
2023-04-15,1.7666666666666666
2023-04-16,1.2333333333333334
2023-04-17,-0.6666666666666666
2023-04-18,-3.1333333333333333
2023-04-19,0.2666666666666666
2023-04-20,-1.2
2023-04-21,2.1333333333333333
2023-04-22,1.4333333333333331
2023-04-23,1.7
2023-04-24,5.966666666666666
2023-04-25,6.7
2023-04-26,4.466666666666667
2023-04-27,-1.2
2023-04-28,-1.6
2023-04-29,-2.2
2023-04-30,2.066666666666667
2023-05-01,-0.5666666666666667
2023-05-02,3.0666666666666664
2023-05-03,-1.0333333333333334
2023-05-04,-4.1000000000000005
2023-05-05,-4.966666666666667
2023-05-06,-4.966666666666667
2023-05-07,-5.1
2023-05-08,-2.6666666666666665
2023-05-09,-1.8666666666666665
2023-05-10,1.0666666666666669
2023-05-11,1.6
2023-05-12,2.6333333333333333
2023-05-13,3.033333333333333
2023-05-14,3.3666666666666667
2023-05-15,8.066666666666666
2023-05-16,11.300000000000002
2023-05-17,8.066666666666666
2023-05-18,1.6666666666666667
2023-05-19,0.0333333333333333
2023-05-20,0.2666666666666666
2023-05-21,2.6999999999999997
2023-05-22,5.533333333333334
2023-05-23,5.233333333333333
2023-05-24,6.6000000000000005
2023-05-25,7.266666666666667
2023-05-26,4.533333333333333
2023-05-27,0.0333333333333333
2023-05-28,-1.0333333333333334
2023-05-29,3.8333333333333335
2023-05-30,2.5
2023-05-31,1.7666666666666666
2023-06-01,-1.0333333333333334
2023-06-02,-1.9666666666666668
2023-06-03,3.4
2023-06-04,5.533333333333334
2023-06-05,6.3999999999999995
2023-06-06,8.6
2023-06-07,4.133333333333333
2023-06-08,3.0
2023-06-09,3.5666666666666664
2023-06-10,1.6666666666666667
2023-06-11,2.7999999999999994
2023-06-12,2.566666666666667
2023-06-13,4.566666666666666
2023-06-14,6.566666666666666
2023-06-15,7.733333333333333
2023-06-16,8.133333333333333
2023-06-17,10.666666666666666
2023-06-18,12.2
2023-06-19,10.366666666666667
2023-06-20,8.7
2023-06-21,10.933333333333332
2023-06-22,13.233333333333334
2023-06-23,13.533333333333331
2023-06-24,9.8
2023-06-25,8.299999999999999
2023-06-26,9.133333333333333
2023-06-27,9.333333333333334
2023-06-28,11.1
2023-06-29,12.233333333333334
2023-06-30,10.966666666666669
2023-07-01,11.6
2023-07-02,11.566666666666668
2023-07-03,10.0
2023-07-04,9.666666666666666
2023-07-05,8.733333333333333
2023-07-06,7.833333333333333
2023-07-07,9.2
2023-07-08,10.033333333333331
2023-07-09,8.833333333333334
2023-07-10,6.400000000000001
2023-07-11,5.3
2023-07-12,4.866666666666667
2023-07-13,6.3
2023-07-14,10.2
2023-07-15,9.733333333333333
2023-07-16,10.133333333333333
2023-07-17,15.033333333333331
2023-07-18,10.066666666666666
2023-07-19,9.033333333333331
2023-07-20,7.7
2023-07-21,7.3
2023-07-22,8.433333333333334
2023-07-23,10.3
2023-07-24,8.1
2023-07-25,7.633333333333333
2023-07-26,12.266666666666666
2023-07-27,11.033333333333331
2023-07-28,10.666666666666666
2023-07-29,10.033333333333331
2023-07-30,8.733333333333333
2023-07-31,10.866666666666667
2023-08-01,10.566666666666666
2023-08-02,15.166666666666666
2023-08-03,14.5
2023-08-04,13.433333333333332
2023-08-05,12.300000000000002
2023-08-06,17.5
2023-08-07,19.3
2023-08-08,11.6
2023-08-09,8.833333333333334
2023-08-10,8.6
2023-08-11,10.266666666666667
2023-08-12,9.633333333333333
2023-08-13,8.6
2023-08-14,13.1
2023-08-15,11.733333333333334
2023-08-16,15.666666666666666
2023-08-17,14.300000000000002
2023-08-18,13.6
2023-08-19,16.533333333333335
2023-08-20,15.833333333333334
2023-08-21,12.833333333333334
2023-08-22,13.833333333333334
2023-08-23,11.7
2023-08-24,10.666666666666666
2023-08-25,10.333333333333334
2023-08-26,14.300000000000002
2023-08-27,14.033333333333331
2023-08-28,10.3
2023-08-29,9.133333333333333
2023-08-30,13.666666666666666
2023-08-31,16.166666666666668
2023-09-01,9.333333333333334
2023-09-02,8.266666666666667
2023-09-03,9.0
2023-09-04,8.0
2023-09-05,12.166666666666666
2023-09-06,5.7
2023-09-07,4.2
2023-09-08,8.7
2023-09-09,11.166666666666666
2023-09-10,10.5
2023-09-11,10.4
2023-09-12,11.166666666666666
2023-09-13,11.9
2023-09-14,6.866666666666667
2023-09-15,4.366666666666667
2023-09-16,3.7000000000000006
2023-09-17,4.8
2023-09-18,2.6999999999999997
2023-09-19,9.7
2023-09-20,11.166666666666666
2023-09-21,11.199999999999998
2023-09-22,10.933333333333332
2023-09-23,12.4
2023-09-24,5.833333333333333
2023-09-25,4.7
2023-09-26,6.566666666666666
2023-09-27,6.3999999999999995
2023-09-28,11.4
2023-09-29,11.0
2023-09-30,8.966666666666667
2023-10-01,6.3999999999999995
2023-10-02,3.3666666666666667
2023-10-03,9.733333333333333
2023-10-04,7.5
2023-10-05,6.033333333333334
2023-10-06,1.4666666666666668
2023-10-07,8.0
2023-10-09,-1.7666666666666666
2023-10-10,-2.766666666666667
2023-10-11,2.4
2023-10-12,3.9333333333333336
2023-10-13,2.8000000000000003
2023-10-14,6.2
2023-10-15,1.0333333333333334
2023-10-16,-0.8666666666666667
2023-10-17,-0.8333333333333334
2023-10-18,0.0
2023-10-19,0.0
2023-10-20,-0.6333333333333333
2023-10-21,-1.6666666666666667
2023-10-22,2.0
2023-10-23,3.9
2023-10-24,-2.2666666666666666
2023-10-25,-1.2
2023-10-26,-1.8999999999999997
2023-10-27,-1.3666666666666665
2023-10-28,-0.9333333333333332
2023-10-29,-0.6333333333333333
2023-10-30,0.0
2023-10-31,0.8000000000000002
2023-11-01,3.966666666666667
2023-11-02,0.5666666666666667
2023-11-03,0.2666666666666666
2023-11-04,4.566666666666666
2023-11-05,3.7
2023-11-06,6.5
2023-11-07,5.866666666666667
2023-11-08,5.466666666666666
2023-11-09,3.6666666666666665
2023-11-10,4.266666666666667
2023-11-11,2.3666666666666667
2023-11-12,2.3333333333333335
2023-11-13,0.3
2023-11-14,-0.0666666666666666
2023-11-15,0.0
2023-11-16,-4.033333333333333
2023-11-17,-4.166666666666667
2023-11-18,-4.133333333333333
2023-11-19,-4.833333333333333
2023-11-20,-8.6
2023-11-21,-10.333333333333334
2023-11-22,-10.166666666666666
2023-11-23,-5.033333333333333
2023-11-24,-4.533333333333333
2023-11-25,-8.233333333333333
2023-11-26,-8.733333333333333
2023-11-27,-6.266666666666667
2023-11-28,-7.166666666666667
2023-11-29,-10.866666666666667
2023-11-30,-5.5
2023-12-01,-7.666666666666667
2023-12-02,-7.633333333333333
2023-12-03,-8.566666666666668
2023-12-04,-15.9
2023-12-05,-15.333333333333334
2023-12-06,-13.333333333333334
2023-12-07,-12.766666666666666
2023-12-08,-15.933333333333335
2023-12-09,-16.833333333333332
2023-12-10,-8.433333333333334
2023-12-11,-7.099999999999999
2023-12-12,-2.7999999999999994
2023-12-13,-1.0
2023-12-14,-2.433333333333333
2023-12-15,-7.6
2023-12-16,-3.7000000000000006
2023-12-17,-0.2
2023-12-18,0.6999999999999998
2023-12-19,0.0333333333333333
2023-12-20,-0.8666666666666667
2023-12-21,-0.5
2023-12-22,0.0
2023-12-23,-1.3333333333333333
2023-12-24,-3.733333333333333
2023-12-25,-2.8000000000000003
2023-12-26,-2.9
2023-12-27,-3.6666666666666665
2023-12-28,-3.5
2023-12-29,-0.6999999999999998
2023-12-30,-2.1333333333333333
2023-12-31,-11.366666666666667
